-- phpMyAdmin SQL Dump
-- version 5.2.1
-- https://www.phpmyadmin.net/
--
-- Host: 127.0.0.1:3307
-- Generation Time: Sep 23, 2025 at 01:57 PM
-- Server version: 9.0.1
-- PHP Version: 8.2.12

SET SQL_MODE = "NO_AUTO_VALUE_ON_ZERO";
START TRANSACTION;
SET time_zone = "+00:00";


/*!40101 SET @OLD_CHARACTER_SET_CLIENT=@@CHARACTER_SET_CLIENT */;
/*!40101 SET @OLD_CHARACTER_SET_RESULTS=@@CHARACTER_SET_RESULTS */;
/*!40101 SET @OLD_COLLATION_CONNECTION=@@COLLATION_CONNECTION */;
/*!40101 SET NAMES utf8mb4 */;

--
-- Database: `school_db_test`
--

-- --------------------------------------------------------

--
-- Table structure for table `addresses`
--

CREATE TABLE `addresses` (
  `address_id` int NOT NULL,
  `user_id` int DEFAULT NULL,
  `type` enum('permanent','current') DEFAULT NULL,
  `province` varchar(100) DEFAULT NULL,
  `district` varchar(100) DEFAULT NULL,
  `country` varchar(100) DEFAULT NULL,
  `home_address` varchar(255) DEFAULT NULL
) ENGINE=InnoDB DEFAULT CHARSET=utf8mb4 COLLATE=utf8mb4_unicode_ci;

--
-- Dumping data for table `addresses`
--

INSERT INTO `addresses` (`address_id`, `user_id`, `type`, `province`, `district`, `country`, `home_address`) VALUES
(13, 4, 'permanent', 'Kabul', '15', 'Afghanistan', 'Kabul , Khair khana'),
(14, 4, 'current', 'Parwan', '11', 'Afghanistan', 'حصه اول خیر خانه'),
(19, 56, 'permanent', 'Kabul', 'Ut quo enim rerum do', 'Afghanistan', 'Id itaque aut adipis'),
(20, 56, 'current', 'Daykundi', 'Nostrum tempore nem', 'Afghanistan', 'Velit qui enim magn'),
(21, 57, 'permanent', 'Nangarhar', 'Sint adipisicing inc', 'Afghanistan', 'Et exercitation eum '),
(22, 57, 'current', 'Ghor', 'Et saepe perspiciati', 'Afghanistan', 'Alias magnam sunt eo'),
(23, 58, 'permanent', 'Badghis', 'Veritatis placeat d', 'Afghanistan', 'Pariatur Rerum minu'),
(24, 58, 'current', 'Kunar', 'Dolores consectetur', 'Afghanistan', 'Dolores vel Nam nihi'),
(25, 59, 'permanent', 'Zabul', 'Suscipit duis volupt', 'Afghanistan', 'Voluptate minima ape'),
(26, 59, 'current', 'Urozgan', 'Consectetur ut quas ', 'Afghanistan', 'Ut voluptate et exer'),
(27, 60, 'permanent', 'Paktia', 'Et aute assumenda ve', 'Afghanistan', 'Proident mollitia o'),
(28, 60, 'current', 'Paktia', 'Fugiat mollit est i', 'Afghanistan', 'Rerum tempor est tem'),
(31, 62, 'permanent', 'Laghman', 'Sapiente cum elit n', 'Afghanistan', 'Ullam at eius ea ali'),
(32, 62, 'current', 'Paktia', 'Dolorem ullam sed in', 'Afghanistan', 'Excepturi aut aliqui'),
(33, 63, 'permanent', 'Nangarhar', 'Aut omnis atque assu', 'Afghanistan', 'Quia soluta aliquip '),
(34, 63, 'current', 'Kunar', 'Qui sapiente minus d', 'Afghanistan', 'Quod sapiente quos n'),
(35, 64, 'permanent', 'Parwan', 'Temporibus eum exerc', 'Afghanistan', 'Duis harum veritatis'),
(36, 64, 'current', 'Kapisa', 'Exercitation explica', 'Afghanistan', 'Corporis maiores ame'),
(37, 65, 'permanent', 'Baghlan', 'Id adipisci laborios', 'Afghanistan', 'Est dolores quod dol'),
(38, 65, 'current', 'Kabul', 'Atque et non magni e', 'Afghanistan', 'Laboris distinctio '),
(39, 82, 'permanent', 'Samangan', 'Minus quod ut volupt', 'Afghanistan', 'Elit dolor commodo '),
(40, 82, 'current', 'Nimroz', 'Omnis aliquip labori', 'Afghanistan', 'Modi dolore consequa'),
(41, 83, 'permanent', 'Badakhshan', '14', 'Afghanistan', 'Kabul , Khair khana'),
(42, 83, 'current', 'Kabul', '14', 'Afghanistan', 'Laboris distinctio '),
(43, 2, 'permanent', 'Kandahar', '15', 'Afghanistan', '43'),
(44, 2, 'current', 'Kandahar', '434', 'Afghanistan', NULL),
(45, 84, 'permanent', 'Badakhshan', 'Faiz Abad', 'Afghanistan', 'Share now'),
(46, 84, 'current', 'Kabul', '11th', 'Afghanistan', 'near of gulai park'),
(47, 85, 'permanent', 'Samangan', 'Consectetur hic ull', 'Afghanistan', 'Ut magni assumenda e'),
(48, 85, 'current', 'Nangarhar', 'Pariatur Et eaque a', 'Afghanistan', 'Aperiam recusandae '),
(49, 86, 'permanent', 'Jowzjan', 'Dolorem nulla aute q', 'Afghanistan', 'Pariatur Nulla veli'),
(50, 86, 'current', 'Paktia', 'Saepe cupiditate sun', 'Afghanistan', 'Ut autem dolor sit ');

-- --------------------------------------------------------

--
-- Table structure for table `branch`
--

CREATE TABLE `branch` (
  `branch_id` int NOT NULL,
  `branch_name` varchar(255) DEFAULT NULL,
  `location` varchar(255) DEFAULT NULL,
  `description` varchar(255) DEFAULT NULL,
  `established_date` date DEFAULT NULL
) ENGINE=InnoDB DEFAULT CHARSET=utf8mb4 COLLATE=utf8mb4_unicode_ci;

--
-- Dumping data for table `branch`
--

INSERT INTO `branch` (`branch_id`, `branch_name`, `location`, `description`, `established_date`) VALUES
(1, 'Central Branch', 'Kabul', 'Main administrative branch', '2010-01-01'),
(2, 'West Branch', 'Herat', 'Western region branch', '2012-05-15');

-- --------------------------------------------------------

--
-- Table structure for table `classes`
--

CREATE TABLE `classes` (
  `class_id` int NOT NULL,
  `class_name` varchar(255) DEFAULT NULL,
  `class_code` varchar(255) DEFAULT NULL,
  `class_status` varchar(50) DEFAULT NULL,
  `room_number` varchar(50) DEFAULT NULL,
  `start_timing` time DEFAULT NULL,
  `end_timing` time DEFAULT NULL,
  `class_fee` int DEFAULT NULL,
  `class_capacity` int DEFAULT NULL,
  `created_at` datetime DEFAULT NULL,
  `updated_at` datetime DEFAULT NULL
) ENGINE=InnoDB DEFAULT CHARSET=utf8mb4 COLLATE=utf8mb4_unicode_ci;

--
-- Dumping data for table `classes`
--

INSERT INTO `classes` (`class_id`, `class_name`, `class_code`, `class_status`, `room_number`, `start_timing`, `end_timing`, `class_fee`, `class_capacity`, `created_at`, `updated_at`) VALUES
(29, '1', '1th-A', 'Active', 'R-001', '01:00:00', '12:00:00', 1300, 20, '2025-09-03 09:24:08', '2025-09-03 09:24:08'),
(30, '1', '1th-B', 'Active', 'R-002', '01:00:00', '12:00:00', 1300, 25, '2025-09-03 09:25:03', '2025-09-03 09:25:03'),
(31, '2', '2th-A', 'Active', 'R-003', '01:00:00', '12:00:00', 1400, 30, '2025-09-03 09:27:06', '2025-09-03 09:27:06'),
(32, '3', '3th-A', 'Active', 'R-004', '01:00:00', '12:00:00', 1350, 24, '2025-09-03 09:27:35', '2025-09-03 09:27:35'),
(33, '4', '4th-A', 'Active', 'R-005', '01:00:00', '12:00:00', 1250, 20, '2025-09-03 09:28:29', '2025-09-03 09:28:29'),
(34, '4', '4th-B', 'Active', 'R-006', '01:00:00', '12:00:00', 1250, 20, '2025-09-03 09:28:57', '2025-09-03 09:28:57'),
(35, '5', '5th-A', 'Active', 'R-007', '01:00:00', '12:00:00', 1300, 25, '2025-09-03 09:32:37', '2025-09-03 09:32:37'),
(36, '5', '5th-B', 'Active', 'R-008', '01:00:00', '12:00:00', 1300, 25, '2025-09-03 09:33:02', '2025-09-03 09:33:02'),
(37, '6', '6th-A', 'Active', 'R-009', '01:00:00', '12:00:00', 1000, 20, '2025-09-03 09:33:37', '2025-09-03 09:33:37'),
(38, '7', '7th-A', 'Active', 'R-010', '01:00:00', '12:00:00', 1000, 26, '2025-09-03 09:34:13', '2025-09-03 09:34:13'),
(39, '8', '8th-A', 'Active', 'R-011', '01:00:00', '12:00:00', 1500, 25, '2025-09-03 09:34:40', '2025-09-03 09:34:40'),
(40, '9', '9th-A', 'Active', 'R-012', '01:00:00', '12:00:00', 1400, 26, '2025-09-03 09:35:19', '2025-09-03 09:35:19'),
(41, '10', '10th-A', 'Active', 'R-013', '01:00:00', '12:00:00', 1400, 20, '2025-09-03 09:35:51', '2025-09-03 09:35:51'),
(42, '11', '11th-A', 'Active', 'R-014', '01:00:00', '12:00:00', 1500, 20, '2025-09-03 09:36:20', '2025-09-03 09:36:20'),
(43, '12', '12th-A', 'Active', 'R-014', '01:00:00', '12:00:00', 1600, 30, '2025-09-03 09:36:46', '2025-09-03 09:36:46'),
(51, '5', 'miragh', 'Active', '3434', '01:00:00', '18:00:00', 1000, 1, '2025-09-23 16:05:17', '2025-09-23 16:05:17');

-- --------------------------------------------------------

--
-- Table structure for table `class_students`
--

CREATE TABLE `class_students` (
  `id` int NOT NULL,
  `student_id` int NOT NULL,
  `class_id` int NOT NULL,
  `status` enum('active','promoted','graduated','left') DEFAULT 'active',
  `enrolled_at` timestamp NULL DEFAULT CURRENT_TIMESTAMP,
  `academic_year` year NOT NULL
) ENGINE=InnoDB DEFAULT CHARSET=utf8mb4 COLLATE=utf8mb4_unicode_ci;

--
-- Dumping data for table `class_students`
--

INSERT INTO `class_students` (`id`, `student_id`, `class_id`, `status`, `enrolled_at`, `academic_year`) VALUES
(106, 2, 32, 'active', '2025-09-04 13:35:47', '2024'),
(107, 1, 42, 'active', '2025-09-07 11:45:00', '2024'),
(108, 39, 42, 'active', '2025-09-07 11:45:01', '2024'),
(112, 3, 30, 'active', '2024-04-08 10:57:32', '2024'),
(116, 40, 31, 'active', '2025-09-09 07:08:33', '2025'),
(119, 41, 39, 'active', '2025-09-10 10:42:18', '2024'),
(120, 2, 29, 'active', '2025-09-10 10:54:45', '2025'),
(123, 3, 31, 'active', '2025-09-13 08:03:57', '2025'),
(124, 38, 30, 'active', '2025-09-13 08:03:58', '2025'),
(129, 43, 33, 'active', '2025-09-17 15:36:45', '2025'),
(130, 44, 33, 'active', '2025-09-17 15:36:46', '2025'),
(131, 45, 33, 'active', '2025-09-17 15:37:45', '2025'),
(132, 46, 33, 'active', '2025-09-17 15:37:46', '2025'),
(133, 47, 33, 'active', '2025-09-17 15:37:48', '2025'),
(143, 42, 30, 'active', '2025-09-23 09:39:24', '2025');

-- --------------------------------------------------------

--
-- Table structure for table `class_teachers`
--

CREATE TABLE `class_teachers` (
  `id` int NOT NULL,
  `class_id` int NOT NULL,
  `teacher_id` int NOT NULL,
  `academic_year` int NOT NULL
) ENGINE=InnoDB DEFAULT CHARSET=utf8mb4 COLLATE=utf8mb4_unicode_ci;

--
-- Dumping data for table `class_teachers`
--

INSERT INTO `class_teachers` (`id`, `class_id`, `teacher_id`, `academic_year`) VALUES
(9, 33, 73, 2025),
(13, 37, 80, 2025),
(16, 30, 62, 2025),
(18, 42, 74, 2025);

-- --------------------------------------------------------

--
-- Table structure for table `committee`
--

CREATE TABLE `committee` (
  `committee_id` int NOT NULL,
  `name` varchar(255) DEFAULT NULL,
  `description` varchar(255) DEFAULT NULL,
  `head_committee` varchar(255) DEFAULT NULL,
  `assistant` varchar(255) DEFAULT NULL,
  `committee_user_id` int DEFAULT NULL,
  `created_at` datetime DEFAULT NULL
) ENGINE=InnoDB DEFAULT CHARSET=utf8mb4 COLLATE=utf8mb4_unicode_ci;

--
-- Dumping data for table `committee`
--

INSERT INTO `committee` (`committee_id`, `name`, `description`, `head_committee`, `assistant`, `committee_user_id`, `created_at`) VALUES
(1, 'Discipline', 'Oversees student behavior', 'Ali Nawabi', 'Sara Ahmadi', 1, '2025-08-04 15:51:51');

-- --------------------------------------------------------

--
-- Table structure for table `emp_attendance`
--

CREATE TABLE `emp_attendance` (
  `attendance_id` int NOT NULL,
  `user_id` int NOT NULL,
  `recorded_by` int DEFAULT NULL,
  `attendance_date` date NOT NULL,
  `check_in_time` time DEFAULT NULL,
  `status` enum('present','absent','leave','half_day') DEFAULT 'absent',
  `created_at` timestamp NULL DEFAULT CURRENT_TIMESTAMP,
  `updated_at` timestamp NULL DEFAULT CURRENT_TIMESTAMP ON UPDATE CURRENT_TIMESTAMP,
  `check_out_time` time DEFAULT NULL,
  `shift` enum('morning','afternoon','evening','full time') NOT NULL
) ENGINE=InnoDB DEFAULT CHARSET=utf8mb4 COLLATE=utf8mb4_unicode_ci;

--
-- Dumping data for table `emp_attendance`
--

INSERT INTO `emp_attendance` (`attendance_id`, `user_id`, `recorded_by`, `attendance_date`, `check_in_time`, `status`, `created_at`, `updated_at`, `check_out_time`, `shift`) VALUES
(6, 4, 5, '2025-08-28', '22:01:09', 'leave', '2025-08-28 17:31:09', '2025-09-23 05:10:02', NULL, 'evening'),
(7, 5, 5, '2025-08-28', '22:01:09', 'present', '2025-08-28 17:31:09', '2025-08-28 17:31:09', NULL, 'full time'),
(14, 2, 5, '2025-08-29', '17:48:10', 'present', '2025-08-29 13:18:10', '2025-08-29 13:27:58', '17:57:58', 'morning'),
(16, 4, 5, '2025-08-29', '17:48:11', 'present', '2025-08-29 13:18:11', '2025-08-29 13:27:59', '17:57:59', 'evening'),
(26, 2, 5, '2025-08-30', '15:30:17', 'present', '2025-08-30 11:00:17', '2025-08-30 11:05:47', '15:35:48', 'morning'),
(28, 4, 5, '2025-08-30', '15:30:19', 'present', '2025-08-30 11:00:19', '2025-08-30 11:04:56', '15:34:57', 'evening'),
(29, 5, 5, '2025-08-30', '15:30:20', 'present', '2025-08-30 11:00:20', '2025-08-30 11:07:32', '15:37:32', 'full time'),
(39, 2, 5, '2025-08-31', '11:32:44', 'present', '2025-08-31 07:02:44', '2025-08-31 07:04:00', '11:34:01', 'morning'),
(41, 4, 5, '2025-08-31', '11:32:45', 'present', '2025-08-31 07:02:45', '2025-08-31 07:04:02', '11:34:03', 'morning'),
(42, 5, 5, '2025-08-31', '11:32:45', 'present', '2025-08-31 07:02:45', '2025-08-31 07:45:43', '12:15:44', 'full time'),
(54, 2, 5, '2025-09-01', '13:36:09', 'present', '2025-09-01 09:06:09', '2025-09-01 09:06:22', '13:36:22', 'morning'),
(56, 4, 5, '2025-09-01', '13:36:10', 'present', '2025-09-01 09:06:10', '2025-09-01 09:06:23', '13:36:23', 'morning'),
(57, 5, 5, '2025-09-01', '13:36:10', 'present', '2025-09-01 09:06:10', '2025-09-01 09:08:24', '13:38:25', 'full time'),
(71, 56, 5, '2025-09-01', '15:09:47', 'present', '2025-09-01 10:39:47', '2025-09-01 10:40:12', '15:10:12', 'morning'),
(72, 57, 5, '2025-09-01', '17:30:37', 'present', '2025-09-01 13:00:37', '2025-09-01 13:00:37', NULL, 'morning'),
(73, 58, 5, '2025-09-01', '17:30:37', 'present', '2025-09-01 13:00:37', '2025-09-01 13:00:37', NULL, 'morning'),
(75, 60, 5, '2025-09-01', '17:30:42', 'present', '2025-09-01 13:00:42', '2025-09-01 13:00:46', '17:30:46', 'morning'),
(76, 59, 5, '2025-09-01', '17:30:42', 'present', '2025-09-01 13:00:42', '2025-09-01 13:00:46', '17:30:46', 'morning'),
(77, 2, 5, '2025-09-04', '12:52:38', 'present', '2025-09-04 08:22:38', '2025-09-04 11:22:40', '15:52:40', 'evening'),
(78, 4, 5, '2025-09-04', '12:52:38', 'present', '2025-09-04 08:22:38', '2025-09-04 11:22:41', '15:52:41', 'afternoon'),
(79, 5, 5, '2025-09-04', '12:52:39', 'leave', '2025-09-04 08:22:39', '2025-09-10 10:16:55', '15:52:42', 'full time'),
(80, 56, 5, '2025-09-04', '12:52:40', 'present', '2025-09-04 08:22:40', '2025-09-04 08:22:40', NULL, 'morning'),
(81, 59, 5, '2025-09-04', '12:52:42', 'present', '2025-09-04 08:22:42', '2025-09-04 11:22:53', '15:52:54', 'morning'),
(82, 57, 5, '2025-09-04', '12:52:57', 'absent', '2025-09-04 08:22:57', '2025-09-04 08:22:57', NULL, 'morning'),
(83, 58, 5, '2025-09-04', '12:52:58', 'absent', '2025-09-04 08:22:58', '2025-09-04 08:22:58', NULL, 'morning'),
(84, 60, 5, '2025-09-04', '12:52:58', 'absent', '2025-09-04 08:22:58', '2025-09-04 08:22:58', NULL, 'morning'),
(85, 63, 5, '2025-09-04', '12:53:00', 'present', '2025-09-04 08:23:00', '2025-09-04 11:23:08', '15:53:08', 'morning'),
(86, 64, 5, '2025-09-04', '12:53:01', 'present', '2025-09-04 08:23:01', '2025-09-04 11:23:09', '15:53:09', 'morning'),
(87, 62, 5, '2025-09-04', '12:53:06', 'present', '2025-09-04 08:23:06', '2025-09-04 11:23:07', '15:53:07', 'morning'),
(88, 65, 5, '2025-09-04', '12:53:06', 'present', '2025-09-04 08:23:06', '2025-09-04 11:22:50', '15:52:50', 'morning'),
(89, 66, 5, '2025-09-04', '12:53:08', 'present', '2025-09-04 08:23:08', '2025-09-04 11:22:51', '15:52:52', 'morning'),
(90, 67, 5, '2025-09-04', '12:53:09', 'present', '2025-09-04 08:23:09', '2025-09-04 11:23:10', '15:53:11', 'morning'),
(91, 68, 5, '2025-09-04', '12:53:09', 'present', '2025-09-04 08:23:09', '2025-09-04 11:22:44', '15:52:44', 'morning'),
(92, 70, 5, '2025-09-04', '12:53:13', 'absent', '2025-09-04 08:23:13', '2025-09-04 08:23:13', NULL, 'morning'),
(93, 69, 5, '2025-09-04', '12:53:14', 'absent', '2025-09-04 08:23:14', '2025-09-04 08:23:14', NULL, 'morning'),
(94, 72, 5, '2025-09-04', '12:53:15', 'absent', '2025-09-04 08:23:15', '2025-09-04 08:23:15', NULL, 'morning'),
(95, 73, 5, '2025-09-04', '12:53:15', 'leave', '2025-09-04 08:23:15', '2025-09-04 08:23:15', NULL, 'morning'),
(96, 74, 5, '2025-09-04', '12:53:16', 'leave', '2025-09-04 08:23:16', '2025-09-04 08:23:16', NULL, 'morning'),
(97, 75, 5, '2025-09-04', '12:53:16', 'leave', '2025-09-04 08:23:16', '2025-09-04 08:23:16', NULL, 'morning'),
(98, 77, 5, '2025-09-04', '12:53:18', 'present', '2025-09-04 08:23:18', '2025-09-04 11:22:45', '15:52:45', 'morning'),
(99, 79, 5, '2025-09-04', '12:53:20', 'present', '2025-09-04 08:23:20', '2025-09-04 11:22:45', '15:52:46', 'morning'),
(100, 80, 5, '2025-09-04', '12:53:20', 'present', '2025-09-04 08:23:20', '2025-09-04 11:22:55', '15:52:55', 'morning'),
(101, 81, 5, '2025-09-04', '12:53:22', 'present', '2025-09-04 08:23:22', '2025-09-04 11:22:56', '15:52:56', 'morning'),
(102, 78, 5, '2025-09-04', '12:53:23', 'present', '2025-09-04 08:23:23', '2025-09-04 11:22:45', '15:52:45', 'morning'),
(103, 76, 5, '2025-09-04', '12:53:24', 'present', '2025-09-04 08:23:24', '2025-09-04 11:22:44', '15:52:45', 'morning'),
(104, 71, 5, '2025-09-04', '15:53:19', 'leave', '2025-09-04 11:23:19', '2025-09-04 11:23:19', NULL, 'morning'),
(105, 2, 5, '2025-09-06', '14:07:48', 'present', '2025-09-06 09:37:48', '2025-09-06 09:38:03', '14:08:04', 'evening'),
(106, 4, 5, '2025-09-06', '16:43:05', 'present', '2025-09-06 12:13:05', '2025-09-06 12:13:05', NULL, 'afternoon'),
(107, 57, 5, '2025-09-06', '16:43:06', 'present', '2025-09-06 12:13:06', '2025-09-06 12:13:06', NULL, 'morning'),
(108, 58, 5, '2025-09-06', '16:43:06', 'present', '2025-09-06 12:13:06', '2025-09-06 12:13:06', NULL, 'morning'),
(109, 59, 5, '2025-09-06', '16:43:07', 'present', '2025-09-06 12:13:07', '2025-09-06 12:13:07', NULL, 'morning'),
(110, 60, 5, '2025-09-06', '16:43:08', 'present', '2025-09-06 12:13:08', '2025-09-06 12:13:08', NULL, 'morning'),
(111, 2, 5, '2025-09-08', '12:59:13', 'present', '2025-09-08 08:29:13', '2025-09-08 08:29:13', NULL, 'evening'),
(112, 4, 5, '2025-09-08', '12:59:17', 'present', '2025-09-08 08:29:17', '2025-09-08 08:29:17', NULL, 'afternoon'),
(113, 57, 5, '2025-09-08', '12:59:19', 'present', '2025-09-08 08:29:19', '2025-09-08 08:29:19', NULL, 'morning'),
(114, 59, 5, '2025-09-08', '12:59:21', 'present', '2025-09-08 08:29:21', '2025-09-08 08:29:21', NULL, 'morning'),
(115, 81, 5, '2025-09-08', '12:59:27', 'leave', '2025-09-08 08:29:27', '2025-09-08 08:29:27', NULL, 'morning'),
(116, 79, 5, '2025-09-08', '12:59:28', 'leave', '2025-09-08 08:29:28', '2025-09-08 08:29:28', NULL, 'morning'),
(117, 77, 5, '2025-09-08', '12:59:29', 'leave', '2025-09-08 08:29:29', '2025-09-08 08:29:29', NULL, 'morning'),
(118, 75, 5, '2025-09-08', '12:59:31', 'leave', '2025-09-08 08:29:31', '2025-09-08 08:29:31', NULL, 'morning'),
(119, 73, 5, '2025-09-08', '12:59:32', 'leave', '2025-09-08 08:29:32', '2025-09-08 08:29:32', NULL, 'morning'),
(120, 74, 5, '2025-09-08', '12:59:33', 'leave', '2025-09-08 08:29:33', '2025-09-08 08:29:33', NULL, 'morning'),
(121, 76, 5, '2025-09-08', '12:59:35', 'leave', '2025-09-08 08:29:35', '2025-09-08 08:29:35', NULL, 'morning'),
(122, 71, 5, '2025-09-08', '13:00:28', 'present', '2025-09-08 08:30:28', '2025-09-08 08:30:28', NULL, 'morning'),
(123, 66, 5, '2025-09-08', '13:00:31', 'present', '2025-09-08 08:30:31', '2025-09-08 08:30:31', NULL, 'morning'),
(124, 65, 5, '2025-09-08', '13:00:31', 'present', '2025-09-08 08:30:31', '2025-09-08 08:30:31', NULL, 'morning'),
(125, 62, 5, '2025-09-08', '13:02:49', 'present', '2025-09-08 08:32:49', '2025-09-08 08:32:49', NULL, 'morning'),
(126, 63, 5, '2025-09-08', '13:02:51', 'present', '2025-09-08 08:32:51', '2025-09-08 08:32:51', NULL, 'morning'),
(127, 64, 5, '2025-09-08', '13:06:17', 'absent', '2025-09-08 08:36:17', '2025-09-08 08:36:17', NULL, 'morning'),
(128, 2, 5, '2025-09-09', '10:33:01', 'present', '2025-09-09 06:03:01', '2025-09-09 09:57:43', '14:27:43', 'evening'),
(129, 4, 5, '2025-09-09', '10:33:03', 'present', '2025-09-09 06:03:03', '2025-09-09 09:57:43', '14:27:44', 'afternoon'),
(130, 5, 5, '2025-09-09', '10:33:05', 'present', '2025-09-09 06:03:05', '2025-09-09 09:57:44', '14:27:44', 'full time'),
(131, 57, 5, '2025-09-09', '10:33:13', 'present', '2025-09-09 06:03:13', '2025-09-09 09:57:49', '14:27:49', 'morning'),
(132, 58, 5, '2025-09-09', '10:33:16', 'leave', '2025-09-09 06:03:16', '2025-09-09 06:03:16', NULL, 'morning'),
(133, 59, 5, '2025-09-09', '10:33:17', 'leave', '2025-09-09 06:03:17', '2025-09-09 06:03:17', NULL, 'morning'),
(134, 60, 5, '2025-09-09', '10:44:18', 'present', '2025-09-09 06:14:18', '2025-09-09 09:57:45', '14:27:46', 'morning'),
(135, 62, 5, '2025-09-09', '10:44:23', 'present', '2025-09-09 06:14:23', '2025-09-09 09:57:49', '14:27:50', 'morning'),
(136, 63, 5, '2025-09-09', '10:45:41', 'present', '2025-09-09 06:15:41', '2025-09-09 09:57:46', '14:27:46', 'morning'),
(137, 64, 5, '2025-09-09', '10:46:05', 'present', '2025-09-09 06:16:05', '2025-09-09 09:58:04', '14:28:04', 'morning'),
(138, 65, 5, '2025-09-09', '10:46:07', 'present', '2025-09-09 06:16:07', '2025-09-09 09:57:51', '14:27:52', 'morning'),
(139, 66, 5, '2025-09-09', '10:46:09', 'present', '2025-09-09 06:16:09', '2025-09-09 09:57:58', '14:27:59', 'morning'),
(140, 67, 5, '2025-09-09', '10:46:46', 'present', '2025-09-09 06:16:46', '2025-09-09 09:57:59', '14:27:59', 'morning'),
(141, 68, 5, '2025-09-09', '10:46:47', 'present', '2025-09-09 06:16:47', '2025-09-09 09:57:59', '14:28:00', 'morning'),
(142, 69, 5, '2025-09-09', '10:48:04', 'present', '2025-09-09 06:18:04', '2025-09-09 09:58:06', '14:28:06', 'morning'),
(143, 70, 5, '2025-09-09', '10:49:06', 'present', '2025-09-09 06:19:06', '2025-09-09 09:57:52', '14:27:53', 'morning'),
(144, 71, 5, '2025-09-09', '10:49:14', 'present', '2025-09-09 06:19:14', '2025-09-09 09:57:53', '14:27:53', 'morning'),
(145, 72, 5, '2025-09-09', '10:50:47', 'present', '2025-09-09 06:20:47', '2025-09-09 09:57:53', '14:27:53', 'morning'),
(146, 73, 5, '2025-09-09', '10:50:59', 'present', '2025-09-09 06:20:59', '2025-09-09 09:57:53', '14:27:54', 'morning'),
(147, 74, 5, '2025-09-09', '10:52:27', 'present', '2025-09-09 06:22:27', '2025-09-09 09:57:54', '14:27:54', 'morning'),
(148, 75, 5, '2025-09-09', '10:52:31', 'present', '2025-09-09 06:22:31', '2025-09-09 09:57:55', '14:27:55', 'morning'),
(149, 76, 5, '2025-09-09', '10:52:31', 'present', '2025-09-09 06:22:31', '2025-09-09 09:57:56', '14:27:56', 'morning'),
(150, 77, 5, '2025-09-09', '10:52:31', 'present', '2025-09-09 06:22:31', '2025-09-09 09:58:01', '14:28:01', 'morning'),
(151, 78, 5, '2025-09-09', '10:52:32', 'present', '2025-09-09 06:22:32', '2025-09-09 09:58:02', '14:28:02', 'morning'),
(152, 80, 5, '2025-09-09', '10:52:33', 'absent', '2025-09-09 06:22:33', '2025-09-09 06:22:33', NULL, 'morning'),
(153, 79, 5, '2025-09-09', '10:52:36', 'present', '2025-09-09 06:22:36', '2025-09-09 09:58:07', '14:28:07', 'morning'),
(154, 81, 5, '2025-09-09', '10:52:37', 'leave', '2025-09-09 06:22:37', '2025-09-09 06:22:37', NULL, 'morning'),
(155, 56, 5, '2025-09-09', NULL, 'absent', '2025-09-09 09:57:38', '2025-09-09 09:57:38', NULL, 'morning'),
(156, 81, 5, '2025-09-10', '14:11:25', 'present', '2025-09-10 09:41:25', '2025-09-10 09:41:25', NULL, 'morning'),
(157, 74, 5, '2025-09-10', '14:11:30', 'present', '2025-09-10 09:41:30', '2025-09-10 09:41:30', NULL, 'morning'),
(158, 73, 5, '2025-09-10', '14:11:30', 'present', '2025-09-10 09:41:30', '2025-09-10 09:41:30', NULL, 'morning'),
(159, 72, 5, '2025-09-10', '14:11:31', 'present', '2025-09-10 09:41:31', '2025-09-10 09:41:31', NULL, 'morning'),
(160, 75, 5, '2025-09-10', '14:11:33', 'present', '2025-09-10 09:41:33', '2025-09-10 09:41:33', NULL, 'morning'),
(161, 76, 5, '2025-09-10', '14:11:36', 'present', '2025-09-10 09:41:36', '2025-09-10 09:41:36', NULL, 'morning'),
(162, 71, 5, '2025-09-10', '14:11:36', 'present', '2025-09-10 09:41:36', '2025-09-10 09:41:36', NULL, 'morning'),
(163, 70, 5, '2025-09-10', '14:11:37', 'present', '2025-09-10 09:41:37', '2025-09-10 09:41:37', NULL, 'morning'),
(164, 69, 5, '2025-09-10', '14:11:37', 'present', '2025-09-10 09:41:37', '2025-09-10 09:41:37', NULL, 'morning'),
(166, 67, 5, '2025-09-10', '14:11:38', 'present', '2025-09-10 09:41:38', '2025-09-10 09:41:38', NULL, 'morning'),
(167, 77, 5, '2025-09-10', '14:11:40', 'present', '2025-09-10 09:41:40', '2025-09-10 09:41:40', NULL, 'morning'),
(168, 66, 5, '2025-09-10', '14:11:41', 'present', '2025-09-10 09:41:41', '2025-09-10 09:41:41', NULL, 'morning'),
(169, 65, 5, '2025-09-10', '14:11:41', 'absent', '2025-09-10 09:41:41', '2025-09-10 10:17:41', NULL, 'morning'),
(170, 64, 5, '2025-09-10', '14:11:42', 'present', '2025-09-10 09:41:42', '2025-09-10 09:41:42', NULL, 'morning'),
(171, 63, 5, '2025-09-10', '14:11:44', 'leave', '2025-09-10 09:41:44', '2025-09-10 10:17:30', NULL, 'morning'),
(172, 62, 5, '2025-09-10', '14:11:45', 'present', '2025-09-10 09:41:45', '2025-09-10 09:41:45', NULL, 'morning'),
(173, 79, 5, '2025-09-10', '14:11:47', 'absent', '2025-09-10 09:41:47', '2025-09-10 09:41:47', NULL, 'morning'),
(174, 78, 5, '2025-09-10', '14:11:48', 'absent', '2025-09-10 09:41:48', '2025-09-10 09:41:48', NULL, 'morning'),
(175, 60, 5, '2025-09-10', '14:11:48', 'absent', '2025-09-10 09:41:48', '2025-09-10 09:41:48', NULL, 'morning'),
(176, 2, 5, '2025-09-10', NULL, 'absent', '2025-09-10 09:41:49', '2025-09-10 09:41:49', NULL, 'morning'),
(177, 4, 5, '2025-09-10', NULL, 'absent', '2025-09-10 09:41:49', '2025-09-10 09:41:49', NULL, 'morning'),
(178, 5, 5, '2025-09-10', NULL, 'absent', '2025-09-10 09:41:49', '2025-09-10 09:41:49', NULL, 'morning'),
(179, 57, 5, '2025-09-10', NULL, 'absent', '2025-09-10 09:41:49', '2025-09-10 09:41:49', NULL, 'morning'),
(180, 58, 5, '2025-09-10', NULL, 'absent', '2025-09-10 09:41:49', '2025-09-10 09:41:49', NULL, 'morning'),
(181, 59, 5, '2025-09-10', NULL, 'absent', '2025-09-10 09:41:49', '2025-09-10 09:41:49', NULL, 'morning'),
(182, 80, 5, '2025-09-10', NULL, 'absent', '2025-09-10 09:41:49', '2025-09-10 09:41:49', NULL, 'morning'),
(183, 68, 5, '2025-09-10', '14:49:53', 'leave', '2025-09-10 10:19:53', '2025-09-10 10:19:53', NULL, 'morning'),
(184, 2, 5, '2025-09-13', '09:27:54', 'present', '2025-09-13 04:57:54', '2025-09-13 04:57:54', NULL, 'evening'),
(185, 4, 5, '2025-09-13', '09:27:55', 'present', '2025-09-13 04:57:55', '2025-09-13 04:57:55', NULL, 'afternoon'),
(186, 5, 5, '2025-09-13', '09:27:56', 'present', '2025-09-13 04:57:56', '2025-09-13 04:57:56', NULL, 'full time'),
(187, 57, 5, '2025-09-13', '09:27:56', 'present', '2025-09-13 04:57:56', '2025-09-13 04:57:56', NULL, 'morning'),
(188, 58, 5, '2025-09-13', '09:27:56', 'present', '2025-09-13 04:57:56', '2025-09-13 04:57:56', NULL, 'morning'),
(189, 75, 5, '2025-09-13', '09:28:02', 'present', '2025-09-13 04:58:02', '2025-09-13 04:58:02', NULL, 'morning'),
(190, 74, 5, '2025-09-13', '09:28:02', 'present', '2025-09-13 04:58:02', '2025-09-13 04:58:02', NULL, 'morning'),
(191, 73, 5, '2025-09-13', '09:28:03', 'present', '2025-09-13 04:58:03', '2025-09-13 04:58:03', NULL, 'morning'),
(192, 71, 5, '2025-09-13', '09:28:10', 'present', '2025-09-13 04:58:10', '2025-09-13 04:58:10', NULL, 'morning'),
(193, 72, 5, '2025-09-13', '09:28:11', 'present', '2025-09-13 04:58:11', '2025-09-13 04:58:11', NULL, 'morning'),
(194, 76, 5, '2025-09-13', '09:28:11', 'present', '2025-09-13 04:58:11', '2025-09-13 04:58:11', NULL, 'morning'),
(195, 59, 5, '2025-09-13', '09:28:15', 'present', '2025-09-13 04:58:15', '2025-09-13 04:58:15', NULL, 'morning'),
(196, 60, 5, '2025-09-13', '09:28:16', 'present', '2025-09-13 04:58:16', '2025-09-13 04:58:16', NULL, 'morning'),
(197, 62, 5, '2025-09-13', '09:28:18', 'present', '2025-09-13 04:58:18', '2025-09-13 04:58:18', NULL, 'morning'),
(198, 64, 5, '2025-09-13', '09:28:19', 'present', '2025-09-13 04:58:19', '2025-09-13 04:58:19', NULL, 'morning'),
(199, 66, 5, '2025-09-13', '09:28:20', 'leave', '2025-09-13 04:58:20', '2025-09-13 04:58:20', NULL, 'morning'),
(200, 67, 5, '2025-09-13', '09:28:21', 'leave', '2025-09-13 04:58:21', '2025-09-13 04:58:21', NULL, 'morning'),
(201, 68, 5, '2025-09-13', '09:28:21', 'leave', '2025-09-13 04:58:21', '2025-09-13 04:58:21', NULL, 'morning'),
(202, 69, 5, '2025-09-13', '09:28:21', 'leave', '2025-09-13 04:58:21', '2025-09-13 04:58:21', NULL, 'morning'),
(203, 70, 5, '2025-09-13', '09:28:22', 'leave', '2025-09-13 04:58:22', '2025-09-13 04:58:22', NULL, 'morning'),
(204, 63, 5, '2025-09-13', NULL, 'absent', '2025-09-13 04:58:23', '2025-09-13 04:58:23', NULL, 'morning'),
(205, 65, 5, '2025-09-13', NULL, 'absent', '2025-09-13 04:58:23', '2025-09-13 04:58:23', NULL, 'morning'),
(206, 77, 5, '2025-09-13', NULL, 'absent', '2025-09-13 04:58:23', '2025-09-13 04:58:23', NULL, 'morning'),
(207, 78, 5, '2025-09-13', NULL, 'absent', '2025-09-13 04:58:23', '2025-09-13 04:58:23', NULL, 'morning'),
(208, 79, 5, '2025-09-13', NULL, 'absent', '2025-09-13 04:58:23', '2025-09-13 04:58:23', NULL, 'morning'),
(209, 80, 5, '2025-09-13', NULL, 'absent', '2025-09-13 04:58:23', '2025-09-13 04:58:23', NULL, 'morning'),
(210, 81, 5, '2025-09-13', NULL, 'absent', '2025-09-13 04:58:23', '2025-09-13 04:58:23', NULL, 'morning'),
(211, 2, 5, '2025-09-14', '11:37:02', 'leave', '2025-09-14 07:07:02', '2025-09-14 07:07:02', NULL, 'evening'),
(212, 4, 5, '2025-09-14', '11:37:04', 'leave', '2025-09-14 07:07:04', '2025-09-14 07:07:04', NULL, 'afternoon'),
(213, 5, 5, '2025-09-14', '11:37:05', 'leave', '2025-09-14 07:07:05', '2025-09-14 07:07:05', NULL, 'full time'),
(214, 57, 5, '2025-09-14', '11:37:05', 'leave', '2025-09-14 07:07:05', '2025-09-14 07:07:05', NULL, 'morning'),
(215, 58, 5, '2025-09-14', '11:37:05', 'leave', '2025-09-14 07:07:05', '2025-09-14 07:07:05', NULL, 'morning'),
(216, 59, 5, '2025-09-14', '11:37:06', 'leave', '2025-09-14 07:07:06', '2025-09-14 07:07:06', NULL, 'morning'),
(217, 63, 5, '2025-09-14', '11:37:08', 'present', '2025-09-14 07:07:08', '2025-09-14 07:07:08', NULL, 'morning'),
(218, 65, 5, '2025-09-14', '11:37:10', 'present', '2025-09-14 07:07:10', '2025-09-14 07:07:10', NULL, 'morning'),
(219, 66, 5, '2025-09-14', '11:37:10', 'present', '2025-09-14 07:07:10', '2025-09-14 07:07:10', NULL, 'morning'),
(220, 67, 5, '2025-09-14', '11:37:10', 'present', '2025-09-14 07:07:10', '2025-09-14 07:07:10', NULL, 'morning'),
(221, 68, 5, '2025-09-14', '11:37:10', 'present', '2025-09-14 07:07:10', '2025-09-14 07:07:10', NULL, 'morning'),
(222, 69, 5, '2025-09-14', '11:37:11', 'present', '2025-09-14 07:07:11', '2025-09-14 07:07:11', NULL, 'morning'),
(223, 70, 5, '2025-09-14', '11:37:11', 'present', '2025-09-14 07:07:11', '2025-09-14 07:07:11', NULL, 'morning'),
(224, 73, 5, '2025-09-14', '11:37:13', 'present', '2025-09-14 07:07:13', '2025-09-14 07:07:13', NULL, 'morning'),
(225, 74, 5, '2025-09-14', '11:37:14', 'present', '2025-09-14 07:07:14', '2025-09-14 07:07:14', NULL, 'morning'),
(226, 75, 5, '2025-09-14', '11:37:14', 'present', '2025-09-14 07:07:14', '2025-09-14 07:07:14', NULL, 'morning'),
(227, 76, 5, '2025-09-14', '11:37:14', 'present', '2025-09-14 07:07:14', '2025-09-14 07:07:14', NULL, 'morning'),
(228, 77, 5, '2025-09-14', '11:37:15', 'present', '2025-09-14 07:07:15', '2025-09-14 07:07:15', NULL, 'morning'),
(229, 78, 5, '2025-09-14', '11:37:15', 'present', '2025-09-14 07:07:15', '2025-09-14 07:07:15', NULL, 'morning'),
(230, 79, 5, '2025-09-14', '11:37:15', 'present', '2025-09-14 07:07:15', '2025-09-14 07:07:15', NULL, 'morning'),
(231, 80, 5, '2025-09-14', '11:37:16', 'present', '2025-09-14 07:07:16', '2025-09-14 07:07:16', NULL, 'morning'),
(232, 60, 5, '2025-09-14', NULL, 'absent', '2025-09-14 07:07:17', '2025-09-14 07:07:17', NULL, 'morning'),
(233, 62, 5, '2025-09-14', NULL, 'absent', '2025-09-14 07:07:17', '2025-09-14 07:07:17', NULL, 'morning'),
(234, 64, 5, '2025-09-14', NULL, 'absent', '2025-09-14 07:07:17', '2025-09-14 07:07:17', NULL, 'morning'),
(235, 71, 5, '2025-09-14', NULL, 'absent', '2025-09-14 07:07:17', '2025-09-14 07:07:17', NULL, 'morning'),
(236, 72, 5, '2025-09-14', NULL, 'absent', '2025-09-14 07:07:17', '2025-09-14 07:07:17', NULL, 'morning'),
(237, 81, 5, '2025-09-14', NULL, 'absent', '2025-09-14 07:07:17', '2025-09-14 07:07:17', NULL, 'morning'),
(238, 82, 5, '2025-09-14', NULL, 'absent', '2025-09-14 07:07:17', '2025-09-14 07:07:17', NULL, 'morning'),
(239, 83, 5, '2025-09-14', '15:24:19', 'absent', '2025-09-14 10:54:19', '2025-09-14 10:54:19', NULL, 'morning'),
(240, 2, 5, '2025-09-15', '19:53:46', 'present', '2025-09-15 15:23:46', '2025-09-15 15:47:55', '20:17:55', 'evening'),
(241, 4, 5, '2025-09-15', '19:53:48', 'present', '2025-09-15 15:23:48', '2025-09-15 15:47:55', '20:17:56', 'afternoon'),
(242, 5, 5, '2025-09-15', '19:53:48', 'present', '2025-09-15 15:23:48', '2025-09-15 15:47:56', '20:17:56', 'full time'),
(243, 84, 5, '2025-09-15', '19:54:12', 'present', '2025-09-15 15:24:12', '2025-09-15 15:48:04', '20:18:04', 'morning'),
(244, 83, 5, '2025-09-15', '19:54:12', 'present', '2025-09-15 15:24:12', '2025-09-15 15:48:04', '20:18:05', 'morning'),
(245, 82, 5, '2025-09-15', '19:54:13', 'present', '2025-09-15 15:24:13', '2025-09-15 15:48:05', '20:18:05', 'morning'),
(246, 81, 5, '2025-09-15', '19:54:13', 'present', '2025-09-15 15:24:13', '2025-09-15 15:24:13', NULL, 'morning'),
(247, 80, 5, '2025-09-15', '19:54:13', 'present', '2025-09-15 15:24:13', '2025-09-15 15:24:13', NULL, 'morning'),
(248, 79, 5, '2025-09-15', '19:54:13', 'present', '2025-09-15 15:24:13', '2025-09-15 15:24:13', NULL, 'morning'),
(249, 78, 5, '2025-09-15', '19:54:14', 'present', '2025-09-15 15:24:14', '2025-09-15 15:24:14', NULL, 'morning'),
(250, 77, 5, '2025-09-15', '19:54:14', 'present', '2025-09-15 15:24:14', '2025-09-15 15:24:14', NULL, 'morning'),
(251, 76, 5, '2025-09-15', '19:54:20', 'leave', '2025-09-15 15:24:20', '2025-09-15 15:24:20', NULL, 'morning'),
(252, 75, 5, '2025-09-15', '19:54:21', 'leave', '2025-09-15 15:24:21', '2025-09-15 15:24:21', NULL, 'morning'),
(253, 74, 5, '2025-09-15', '19:54:21', 'leave', '2025-09-15 15:24:21', '2025-09-15 15:24:21', NULL, 'morning'),
(269, 57, 5, '2025-09-15', '20:02:55', 'present', '2025-09-15 15:32:55', '2025-09-15 15:32:55', NULL, 'morning'),
(270, 59, 5, '2025-09-15', '20:02:59', 'leave', '2025-09-15 15:32:59', '2025-09-15 15:32:59', NULL, 'morning'),
(271, 73, 5, '2025-09-15', '20:03:15', 'present', '2025-09-15 15:33:15', '2025-09-15 15:33:15', NULL, 'morning'),
(272, 72, 5, '2025-09-15', '20:03:15', 'present', '2025-09-15 15:33:15', '2025-09-15 15:33:15', NULL, 'morning'),
(273, 71, 5, '2025-09-15', '20:03:16', 'present', '2025-09-15 15:33:16', '2025-09-15 15:33:16', NULL, 'morning'),
(274, 70, 5, '2025-09-15', '20:03:16', 'present', '2025-09-15 15:33:16', '2025-09-15 15:33:16', NULL, 'morning'),
(275, 69, 5, '2025-09-15', '20:03:17', 'leave', '2025-09-15 15:33:17', '2025-09-15 15:33:17', NULL, 'morning'),
(276, 68, 5, '2025-09-15', '20:03:18', 'leave', '2025-09-15 15:33:18', '2025-09-15 15:33:18', NULL, 'morning'),
(277, 67, 5, '2025-09-15', '20:03:18', 'leave', '2025-09-15 15:33:18', '2025-09-15 15:33:18', NULL, 'morning'),
(278, 60, 5, '2025-09-15', NULL, 'absent', '2025-09-15 15:33:21', '2025-09-15 15:33:21', NULL, 'morning'),
(279, 62, 5, '2025-09-15', NULL, 'absent', '2025-09-15 15:33:21', '2025-09-15 15:33:21', NULL, 'morning'),
(280, 63, 5, '2025-09-15', NULL, 'absent', '2025-09-15 15:33:21', '2025-09-15 15:33:21', NULL, 'morning'),
(281, 64, 5, '2025-09-15', NULL, 'absent', '2025-09-15 15:33:21', '2025-09-15 15:33:21', NULL, 'morning'),
(282, 65, 5, '2025-09-15', NULL, 'absent', '2025-09-15 15:33:21', '2025-09-15 15:33:21', NULL, 'morning'),
(283, 66, 5, '2025-09-15', NULL, 'absent', '2025-09-15 15:33:21', '2025-09-15 15:33:21', NULL, 'morning'),
(284, 80, 5, '2025-09-16', '11:30:45', 'present', '2025-09-16 07:00:45', '2025-09-16 07:00:45', NULL, 'morning'),
(285, 81, 5, '2025-09-16', '11:30:45', 'present', '2025-09-16 07:00:45', '2025-09-16 07:00:45', NULL, 'morning'),
(286, 82, 5, '2025-09-16', '11:30:46', 'present', '2025-09-16 07:00:46', '2025-09-16 07:00:46', NULL, 'morning'),
(287, 83, 5, '2025-09-16', '11:30:46', 'present', '2025-09-16 07:00:46', '2025-09-16 07:00:46', NULL, 'morning'),
(288, 84, 5, '2025-09-16', '11:30:46', 'present', '2025-09-16 07:00:46', '2025-09-16 07:00:46', NULL, 'morning'),
(290, 4, 5, '2025-09-16', NULL, 'absent', '2025-09-16 07:00:47', '2025-09-16 07:00:47', NULL, 'morning'),
(291, 5, 5, '2025-09-16', NULL, 'absent', '2025-09-16 07:00:47', '2025-09-16 07:00:47', NULL, 'morning'),
(292, 57, 5, '2025-09-16', NULL, 'absent', '2025-09-16 07:00:47', '2025-09-16 07:00:47', NULL, 'morning'),
(293, 59, 5, '2025-09-16', NULL, 'absent', '2025-09-16 07:00:47', '2025-09-16 07:00:47', NULL, 'morning'),
(294, 60, 5, '2025-09-16', NULL, 'absent', '2025-09-16 07:00:47', '2025-09-16 07:00:47', NULL, 'morning'),
(295, 62, 5, '2025-09-16', NULL, 'absent', '2025-09-16 07:00:47', '2025-09-16 07:00:47', NULL, 'morning'),
(296, 63, 5, '2025-09-16', NULL, 'absent', '2025-09-16 07:00:47', '2025-09-16 07:00:47', NULL, 'morning'),
(297, 64, 5, '2025-09-16', NULL, 'absent', '2025-09-16 07:00:47', '2025-09-16 07:00:47', NULL, 'morning'),
(298, 65, 5, '2025-09-16', NULL, 'absent', '2025-09-16 07:00:47', '2025-09-16 07:00:47', NULL, 'morning'),
(299, 66, 5, '2025-09-16', NULL, 'absent', '2025-09-16 07:00:47', '2025-09-16 07:00:47', NULL, 'morning'),
(300, 67, 5, '2025-09-16', NULL, 'absent', '2025-09-16 07:00:47', '2025-09-16 07:00:47', NULL, 'morning'),
(301, 68, 5, '2025-09-16', NULL, 'absent', '2025-09-16 07:00:47', '2025-09-16 07:00:47', NULL, 'morning'),
(302, 69, 5, '2025-09-16', NULL, 'absent', '2025-09-16 07:00:47', '2025-09-16 07:00:47', NULL, 'morning'),
(303, 70, 5, '2025-09-16', NULL, 'absent', '2025-09-16 07:00:47', '2025-09-16 07:00:47', NULL, 'morning'),
(304, 71, 5, '2025-09-16', NULL, 'absent', '2025-09-16 07:00:47', '2025-09-16 07:00:47', NULL, 'morning'),
(305, 72, 5, '2025-09-16', NULL, 'absent', '2025-09-16 07:00:47', '2025-09-16 07:00:47', NULL, 'morning'),
(306, 73, 5, '2025-09-16', NULL, 'absent', '2025-09-16 07:00:47', '2025-09-16 07:00:47', NULL, 'morning'),
(307, 74, 5, '2025-09-16', NULL, 'absent', '2025-09-16 07:00:47', '2025-09-16 07:00:47', NULL, 'morning'),
(308, 75, 5, '2025-09-16', NULL, 'absent', '2025-09-16 07:00:47', '2025-09-16 07:00:47', NULL, 'morning'),
(309, 76, 5, '2025-09-16', NULL, 'absent', '2025-09-16 07:00:47', '2025-09-16 07:00:47', NULL, 'morning'),
(310, 77, 5, '2025-09-16', NULL, 'absent', '2025-09-16 07:00:47', '2025-09-16 07:00:47', NULL, 'morning'),
(311, 78, 5, '2025-09-16', NULL, 'absent', '2025-09-16 07:00:47', '2025-09-16 07:00:47', NULL, 'morning'),
(312, 79, 5, '2025-09-16', NULL, 'absent', '2025-09-16 07:00:47', '2025-09-16 07:00:47', NULL, 'morning'),
(313, 84, 5, '2025-09-17', '14:09:18', 'present', '2025-09-17 09:39:18', '2025-09-17 12:08:22', '16:38:22', 'morning'),
(314, 83, 5, '2025-09-17', '14:09:19', 'present', '2025-09-17 09:39:19', '2025-09-17 12:08:59', '16:38:59', 'morning'),
(315, 82, 5, '2025-09-17', '14:09:19', 'present', '2025-09-17 09:39:19', '2025-09-17 12:08:41', '16:38:42', 'morning'),
(316, 81, 5, '2025-09-17', '14:09:20', 'present', '2025-09-17 09:39:20', '2025-09-17 12:08:08', '16:38:09', 'morning'),
(317, 80, 5, '2025-09-17', '14:09:20', 'present', '2025-09-17 09:39:20', '2025-09-17 12:06:40', '16:36:41', 'morning'),
(318, 79, 5, '2025-09-17', '14:09:20', 'present', '2025-09-17 09:39:20', '2025-09-17 12:03:37', '16:33:38', 'morning'),
(319, 78, 5, '2025-09-17', '14:09:21', 'present', '2025-09-17 09:39:21', '2025-09-17 12:03:32', '16:33:33', 'morning'),
(320, 77, 5, '2025-09-17', '14:09:22', 'leave', '2025-09-17 09:39:22', '2025-09-17 09:39:22', NULL, 'morning'),
(321, 76, 5, '2025-09-17', '14:09:22', 'leave', '2025-09-17 09:39:22', '2025-09-17 09:39:22', NULL, 'morning'),
(322, 75, 5, '2025-09-17', '14:09:24', 'leave', '2025-09-17 09:39:24', '2025-09-17 09:39:24', NULL, 'morning'),
(323, 74, 5, '2025-09-17', '14:09:24', 'leave', '2025-09-17 09:39:24', '2025-09-17 09:39:24', NULL, 'morning'),
(324, 73, 5, '2025-09-17', '14:09:24', 'leave', '2025-09-17 09:39:24', '2025-09-17 09:39:24', NULL, 'morning'),
(325, 72, 5, '2025-09-17', '14:09:25', 'leave', '2025-09-17 09:39:25', '2025-09-17 09:39:25', NULL, 'morning'),
(326, 2, 5, '2025-09-17', '14:09:28', 'present', '2025-09-17 09:39:28', '2025-09-17 11:50:53', '16:20:53', 'evening'),
(327, 4, 5, '2025-09-17', '14:09:29', 'present', '2025-09-17 09:39:29', '2025-09-17 11:57:11', '16:27:11', 'afternoon'),
(328, 5, 5, '2025-09-17', '14:09:29', 'present', '2025-09-17 09:39:29', '2025-09-17 11:58:48', '16:28:49', 'full time'),
(329, 57, 5, '2025-09-17', '14:09:29', 'present', '2025-09-17 09:39:29', '2025-09-17 11:58:58', '16:28:59', 'morning'),
(330, 59, 5, '2025-09-17', '14:09:30', 'present', '2025-09-17 09:39:30', '2025-09-17 12:06:34', '16:36:35', 'morning'),
(331, 62, 5, '2025-09-17', '14:09:31', 'present', '2025-09-17 09:39:31', '2025-09-17 12:06:35', '16:36:35', 'morning'),
(332, 64, 5, '2025-09-17', '14:09:33', 'present', '2025-09-17 09:39:33', '2025-09-17 12:06:35', '16:36:36', 'morning'),
(333, 65, 5, '2025-09-17', '14:09:34', 'present', '2025-09-17 09:39:34', '2025-09-17 12:08:07', '16:38:07', 'morning'),
(334, 66, 5, '2025-09-17', '14:09:34', 'present', '2025-09-17 09:39:34', '2025-09-17 12:06:39', '16:36:40', 'morning'),
(335, 67, 5, '2025-09-17', '14:09:35', 'present', '2025-09-17 09:39:35', '2025-09-17 12:06:40', '16:36:40', 'morning'),
(336, 68, 5, '2025-09-17', '14:09:35', 'present', '2025-09-17 09:39:35', '2025-09-17 12:06:40', '16:36:40', 'morning'),
(337, 69, 5, '2025-09-17', '14:09:35', 'present', '2025-09-17 09:39:35', '2025-09-17 12:02:33', '16:32:34', 'morning'),
(338, 70, 5, '2025-09-17', '14:09:36', 'present', '2025-09-17 09:39:36', '2025-09-17 12:02:36', '16:32:36', 'morning'),
(339, 60, 5, '2025-09-17', NULL, 'absent', '2025-09-17 09:39:37', '2025-09-17 09:39:37', NULL, 'morning'),
(342, 71, 5, '2025-09-17', '19:48:40', 'present', '2025-09-17 15:18:40', '2025-09-17 15:18:40', NULL, 'morning'),
(343, 2, 5, '2025-09-22', '09:56:31', 'present', '2025-09-22 05:26:31', '2025-09-22 05:26:31', NULL, 'evening'),
(344, 4, 5, '2025-09-22', '09:56:32', 'present', '2025-09-22 05:26:32', '2025-09-22 05:26:32', NULL, 'afternoon'),
(345, 5, 5, '2025-09-22', '09:56:32', 'present', '2025-09-22 05:26:32', '2025-09-22 05:26:32', NULL, 'full time'),
(346, 59, 5, '2025-09-22', '09:56:33', 'present', '2025-09-22 05:26:33', '2025-09-22 05:26:33', NULL, 'morning'),
(347, 57, 5, '2025-09-22', '09:56:34', 'present', '2025-09-22 05:26:34', '2025-09-22 05:26:34', NULL, 'morning'),
(348, 60, 5, '2025-09-22', '09:57:41', 'leave', '2025-09-22 05:27:41', '2025-09-22 05:27:41', NULL, 'morning'),
(349, 63, 5, '2025-09-22', '09:57:42', 'leave', '2025-09-22 05:27:42', '2025-09-22 05:27:42', NULL, 'morning'),
(350, 64, 5, '2025-09-22', '09:57:44', 'absent', '2025-09-22 05:27:44', '2025-09-22 05:27:44', NULL, 'morning'),
(351, 65, 5, '2025-09-22', '09:57:44', 'absent', '2025-09-22 05:27:44', '2025-09-22 05:27:44', NULL, 'morning'),
(352, 62, 5, '2025-09-22', '09:57:59', 'absent', '2025-09-22 05:27:59', '2025-09-22 05:27:59', NULL, 'morning'),
(353, 66, 5, '2025-09-22', '09:57:59', 'absent', '2025-09-22 05:27:59', '2025-09-22 05:27:59', NULL, 'morning'),
(354, 68, 5, '2025-09-22', '09:58:01', 'leave', '2025-09-22 05:28:01', '2025-09-22 05:28:01', NULL, 'morning'),
(355, 69, 5, '2025-09-22', '09:58:01', 'leave', '2025-09-22 05:28:01', '2025-09-22 05:28:01', NULL, 'morning'),
(356, 67, 5, '2025-09-22', '09:58:20', 'absent', '2025-09-22 05:28:20', '2025-09-22 05:28:20', NULL, 'morning'),
(357, 63, 5, '2025-09-23', '09:26:03', 'present', '2025-09-23 04:56:03', '2025-09-23 05:28:29', '09:58:30', 'morning'),
(358, 64, 5, '2025-09-23', '09:26:03', 'present', '2025-09-23 04:56:03', '2025-09-23 05:28:29', '09:58:30', 'morning'),
(359, 65, 5, '2025-09-23', '09:26:03', 'present', '2025-09-23 04:56:03', '2025-09-23 07:00:02', '11:30:02', 'morning'),
(360, 66, 5, '2025-09-23', '09:26:04', 'present', '2025-09-23 04:56:04', '2025-09-23 07:00:03', '11:30:03', 'morning'),
(361, 67, 5, '2025-09-23', '09:26:04', 'present', '2025-09-23 04:56:04', '2025-09-23 07:00:03', '11:30:04', 'morning'),
(362, 68, 5, '2025-09-23', '09:26:04', 'present', '2025-09-23 04:56:04', '2025-09-23 04:56:04', NULL, 'morning'),
(363, 69, 5, '2025-09-23', '09:26:04', 'present', '2025-09-23 04:56:04', '2025-09-23 07:00:05', '11:30:05', 'morning'),
(364, 70, 5, '2025-09-23', '09:26:09', 'present', '2025-09-23 04:56:09', '2025-09-23 04:56:09', NULL, 'morning'),
(365, 71, 5, '2025-09-23', '09:26:09', 'present', '2025-09-23 04:56:09', '2025-09-23 04:56:09', NULL, 'morning'),
(366, 72, 5, '2025-09-23', '09:26:09', 'present', '2025-09-23 04:56:09', '2025-09-23 04:56:09', NULL, 'morning'),
(367, 73, 5, '2025-09-23', '09:26:09', 'present', '2025-09-23 04:56:09', '2025-09-23 04:56:09', NULL, 'morning'),
(368, 74, 5, '2025-09-23', '09:26:09', 'present', '2025-09-23 04:56:09', '2025-09-23 04:56:09', NULL, 'morning'),
(369, 60, 5, '2025-09-23', '09:26:15', 'leave', '2025-09-23 04:56:15', '2025-09-23 04:56:15', NULL, 'morning'),
(370, 62, 5, '2025-09-23', '09:26:15', 'leave', '2025-09-23 04:56:15', '2025-09-23 04:56:15', NULL, 'morning'),
(371, 75, 5, '2025-09-23', '09:26:15', 'leave', '2025-09-23 04:56:15', '2025-09-23 04:56:15', NULL, 'morning'),
(372, 76, 5, '2025-09-23', '09:26:15', 'leave', '2025-09-23 04:56:15', '2025-09-23 04:56:15', NULL, 'morning'),
(373, 77, 5, '2025-09-23', '09:26:16', 'leave', '2025-09-23 04:56:16', '2025-09-23 04:56:16', NULL, 'morning'),
(374, 79, 5, '2025-09-23', '09:26:16', 'leave', '2025-09-23 04:56:16', '2025-09-23 04:56:16', NULL, 'morning'),
(375, 81, 5, '2025-09-23', '09:26:18', 'leave', '2025-09-23 04:56:18', '2025-09-23 04:56:18', NULL, 'morning'),
(376, 82, 5, '2025-09-23', '09:26:20', 'present', '2025-09-23 04:56:20', '2025-09-23 04:56:20', NULL, 'morning'),
(377, 83, 5, '2025-09-23', '09:26:21', 'present', '2025-09-23 04:56:21', '2025-09-23 04:56:21', NULL, 'morning'),
(379, 84, 5, '2025-09-23', '09:26:22', 'leave', '2025-09-23 04:56:22', '2025-09-23 04:56:22', NULL, 'morning'),
(380, 78, 5, '2025-09-23', '09:26:22', 'leave', '2025-09-23 04:56:22', '2025-09-23 04:56:22', NULL, 'morning'),
(381, 2, 5, '2025-09-23', NULL, 'absent', '2025-09-23 04:56:24', '2025-09-23 04:56:24', NULL, 'morning'),
(382, 4, 5, '2025-09-23', NULL, 'absent', '2025-09-23 04:56:24', '2025-09-23 04:56:24', NULL, 'morning'),
(383, 5, 5, '2025-09-23', NULL, 'absent', '2025-09-23 04:56:24', '2025-09-23 04:56:24', NULL, 'morning'),
(384, 57, 5, '2025-09-23', NULL, 'absent', '2025-09-23 04:56:24', '2025-09-23 04:56:24', NULL, 'morning'),
(385, 59, 5, '2025-09-23', NULL, 'absent', '2025-09-23 04:56:24', '2025-09-23 04:56:24', NULL, 'morning'),
(386, 80, 5, '2025-09-23', '11:29:58', 'leave', '2025-09-23 06:59:58', '2025-09-23 06:59:58', NULL, 'morning');

-- --------------------------------------------------------

--
-- Table structure for table `expense`
--

CREATE TABLE `expense` (
  `expanse_id` int NOT NULL,
  `title` varchar(255) DEFAULT NULL,
  `description` varchar(255) DEFAULT NULL,
  `number` varchar(50) DEFAULT NULL,
  `payment_amount` decimal(10,2) DEFAULT NULL,
  `expanse_user_id` int DEFAULT NULL,
  `payment_date` date DEFAULT NULL
) ENGINE=InnoDB DEFAULT CHARSET=utf8mb4 COLLATE=utf8mb4_unicode_ci;

--
-- Dumping data for table `expense`
--

INSERT INTO `expense` (`expanse_id`, `title`, `description`, `number`, `payment_amount`, `expanse_user_id`, `payment_date`) VALUES
(1, 'Utilities', 'Monthly electricity and water bills', 'EXP001', 8000.00, 1, '2024-04-01');

-- --------------------------------------------------------

--
-- Table structure for table `logs`
--

CREATE TABLE `logs` (
  `log_id` int NOT NULL,
  `user_id` int DEFAULT NULL,
  `action` varchar(255) DEFAULT NULL,
  `date_time` timestamp NULL DEFAULT CURRENT_TIMESTAMP
) ENGINE=InnoDB DEFAULT CHARSET=utf8mb4 COLLATE=utf8mb4_unicode_ci;

--
-- Dumping data for table `logs`
--

INSERT INTO `logs` (`log_id`, `user_id`, `action`, `date_time`) VALUES
(1, 1, 'login', '2025-08-04 11:21:51'),
(2, 4, 'login', '2025-08-23 09:56:35'),
(3, 4, 'login', '2025-08-23 09:26:45'),
(4, 4, 'login', '2025-08-23 09:31:16'),
(5, 4, 'login', '2025-08-23 09:31:43'),
(6, 4, 'login', '2025-08-23 09:32:52'),
(7, 5, 'login', '2025-08-23 10:47:13'),
(8, 5, 'login', '2025-08-23 10:48:07'),
(9, 4, 'login', '2025-08-23 10:53:53'),
(10, 5, 'login', '2025-08-23 10:54:27'),
(11, 5, 'login', '2025-08-23 10:55:06'),
(12, 5, 'login', '2025-08-23 10:56:48'),
(13, 5, 'login', '2025-08-23 10:57:31'),
(14, 5, 'login', '2025-08-23 10:59:27'),
(15, 5, 'login', '2025-08-23 11:02:16'),
(16, 4, 'login', '2025-08-23 11:04:30'),
(17, 5, 'login', '2025-08-23 11:04:39'),
(18, 4, 'login', '2025-08-23 11:12:35'),
(19, 5, 'login', '2025-08-23 11:19:41'),
(20, 4, 'login', '2025-08-23 12:09:28'),
(21, 5, 'login', '2025-08-23 12:09:38'),
(22, 4, 'login', '2025-08-23 12:13:58'),
(23, 5, 'login', '2025-08-23 12:15:56'),
(24, 4, 'login', '2025-08-24 06:37:54'),
(25, 5, 'login', '2025-08-24 06:44:47'),
(26, 5, 'login', '2025-08-24 09:10:11'),
(28, 5, 'login', '2025-08-24 09:48:40'),
(30, 5, 'login', '2025-08-24 09:59:22'),
(31, 5, 'login', '2025-08-24 10:38:52'),
(32, 5, 'login', '2025-08-25 06:26:42'),
(33, 5, 'login', '2025-08-25 07:29:39'),
(34, 5, 'login', '2025-08-25 09:01:43'),
(35, 5, 'login', '2025-08-25 10:02:13'),
(36, 5, 'login', '2025-08-25 11:06:52'),
(37, 4, 'login', '2025-08-25 11:33:52'),
(38, 5, 'login', '2025-08-25 11:34:08'),
(39, 5, 'login', '2025-08-25 12:07:21'),
(40, 5, 'login', '2025-08-25 12:34:59'),
(41, 5, 'login', '2025-08-25 12:36:24'),
(42, 5, 'login', '2025-08-25 12:38:27'),
(43, 5, 'login', '2025-08-26 06:36:53'),
(44, 5, 'login', '2025-08-26 07:53:01'),
(45, 5, 'login', '2025-08-26 09:11:27'),
(46, 5, 'login', '2025-08-26 10:19:22'),
(47, 5, 'login', '2025-08-26 10:34:50'),
(48, 4, 'login', '2025-08-26 10:57:48'),
(49, 4, 'login', '2025-08-26 11:01:21'),
(50, 5, 'login', '2025-08-26 11:05:38'),
(51, 5, 'login', '2025-08-26 11:35:44'),
(52, 5, 'login', '2025-08-27 05:53:05'),
(53, 5, 'login', '2025-08-27 06:53:23'),
(54, 4, 'login', '2025-08-27 08:56:23'),
(55, 5, 'login', '2025-08-27 09:05:34'),
(56, 4, 'login', '2025-08-27 10:24:03'),
(57, 5, 'login', '2025-08-27 10:28:00'),
(58, 4, 'login', '2025-08-27 10:28:46'),
(59, 5, 'login', '2025-08-27 10:30:50'),
(60, 4, 'login', '2025-08-27 10:33:31'),
(61, 5, 'login', '2025-08-27 12:29:45'),
(62, 5, 'login', '2025-08-27 13:31:46'),
(63, 5, 'login', '2025-08-27 13:34:07'),
(64, 5, 'login', '2025-08-27 13:35:58'),
(65, 5, 'login', '2025-08-27 13:39:31'),
(66, 4, 'login', '2025-08-27 13:51:09'),
(67, 5, 'login', '2025-08-27 13:57:32'),
(68, 5, 'login', '2025-08-27 17:48:14'),
(69, 5, 'login', '2025-08-28 02:12:54'),
(70, 4, 'login', '2025-08-28 07:04:47'),
(71, 4, 'login', '2025-08-28 13:24:18'),
(72, 5, 'login', '2025-08-28 13:25:46'),
(73, 5, 'login', '2025-08-28 13:43:45'),
(74, 5, 'login', '2025-08-28 13:43:59'),
(75, 4, 'login', '2025-08-28 13:59:58'),
(76, 5, 'login', '2025-08-28 14:04:30'),
(77, 4, 'login', '2025-08-28 14:06:03'),
(78, 5, 'login', '2025-08-28 14:06:13'),
(79, 5, 'login', '2025-08-29 13:16:00'),
(80, 5, 'login', '2025-08-29 13:16:18'),
(81, 5, 'login', '2025-08-30 10:07:09'),
(82, 5, 'login', '2025-08-31 06:00:21'),
(83, 5, 'login', '2025-08-31 07:29:40'),
(84, 5, 'login', '2025-08-31 09:15:49'),
(85, 5, 'login', '2025-08-31 12:38:09'),
(86, 5, 'login', '2025-08-31 12:40:26'),
(87, 5, 'login', '2025-08-31 12:41:02'),
(88, 5, 'login', '2025-09-01 05:09:26'),
(89, 5, 'login', '2025-09-01 09:21:26'),
(90, 4, 'login', '2025-09-01 09:21:59'),
(91, 5, 'login', '2025-09-01 09:25:17'),
(92, 4, 'login', '2025-09-01 09:31:53'),
(93, 5, 'login', '2025-09-01 09:33:43'),
(94, 4, 'login', '2025-09-01 10:51:12'),
(95, 5, 'login', '2025-09-01 11:39:14'),
(96, 4, 'login', '2025-09-01 13:07:49'),
(97, 4, 'login', '2025-09-03 04:53:23'),
(98, 4, 'login', '2025-09-03 06:15:21'),
(99, 5, 'login', '2025-09-03 09:18:40'),
(100, 4, 'login', '2025-09-03 09:30:13'),
(101, 4, 'login', '2025-09-03 12:00:23'),
(102, 4, 'login', '2025-09-03 12:29:51'),
(103, 4, 'login', '2025-09-03 12:45:23'),
(104, 4, 'login', '2025-09-04 06:01:49'),
(105, 5, 'login', '2025-09-04 08:21:55'),
(106, 4, 'login', '2025-09-04 09:07:11'),
(107, 5, 'login', '2025-09-04 11:18:02'),
(108, 68, 'login', '2025-09-04 11:31:22'),
(109, 68, 'login', '2025-09-04 11:32:12'),
(110, 68, 'login', '2025-09-04 11:32:52'),
(111, 68, 'login', '2025-09-04 11:33:59'),
(112, 73, 'login', '2025-09-04 11:48:17'),
(113, 73, 'login', '2025-09-04 12:14:10'),
(114, 73, 'login', '2025-09-04 12:16:38'),
(115, 73, 'login', '2025-09-04 12:17:15'),
(116, 4, 'login', '2025-09-04 12:23:53'),
(117, 4, 'login', '2025-09-04 12:29:45'),
(118, 73, 'login', '2025-09-04 12:30:15'),
(119, 4, 'login', '2025-09-04 13:15:40'),
(120, 73, 'login', '2025-09-04 13:16:23'),
(121, 4, 'login', '2025-09-04 13:34:08'),
(122, 73, 'login', '2025-09-04 13:36:10'),
(123, 73, 'login', '2025-09-04 13:36:53'),
(124, 73, 'login', '2025-09-04 14:19:04'),
(125, 4, 'login', '2025-09-06 09:31:10'),
(126, 5, 'login', '2025-09-06 09:37:03'),
(127, 5, 'login', '2025-09-06 12:09:45'),
(128, 4, 'login', '2025-09-06 12:19:33'),
(129, 5, 'login', '2025-09-06 12:44:55'),
(130, 73, 'login', '2025-09-06 12:53:46'),
(131, 4, 'login', '2025-09-06 13:27:14'),
(132, 4, 'login', '2025-09-06 14:25:50'),
(133, 4, 'login', '2025-09-06 14:28:46'),
(134, 4, 'login', '2025-09-06 14:30:28'),
(135, 4, 'login', '2025-09-06 14:54:07'),
(136, 4, 'login', '2025-09-07 06:14:48'),
(137, 4, 'login', '2025-09-07 06:26:08'),
(138, 4, 'login', '2025-09-07 06:33:25'),
(139, 73, 'login', '2025-09-07 06:42:01'),
(140, 4, 'login', '2025-09-07 06:47:02'),
(141, 73, 'login', '2025-09-07 06:47:34'),
(142, 4, 'login', '2025-09-07 06:47:58'),
(143, 4, 'login', '2025-09-07 07:05:24'),
(144, 4, 'login', '2025-09-07 07:21:45'),
(145, 4, 'login', '2025-09-07 07:25:30'),
(146, 4, 'login', '2025-09-07 07:30:37'),
(147, 74, 'login', '2025-09-07 11:47:45'),
(148, 4, 'login', '2025-09-08 06:51:59'),
(149, 4, 'login', '2025-09-08 06:52:46'),
(150, 73, 'login', '2025-09-08 06:53:15'),
(151, 4, 'login', '2025-09-08 06:57:05'),
(152, 5, 'login', '2025-09-08 08:29:06'),
(153, 4, 'login', '2025-09-08 08:29:48'),
(154, 5, 'login', '2025-09-08 08:30:10'),
(155, 4, 'login', '2025-09-08 08:30:42'),
(156, 5, 'login', '2025-09-08 08:32:42'),
(157, 4, 'login', '2025-09-08 08:33:00'),
(158, 5, 'login', '2025-09-08 08:36:11'),
(159, 4, 'login', '2025-09-08 08:36:27'),
(160, 4, 'login', '2025-09-08 08:44:38'),
(161, 73, 'login', '2025-09-08 09:20:08'),
(162, 73, 'login', '2025-09-08 09:22:43'),
(163, 73, 'login', '2025-09-08 09:23:29'),
(164, 73, 'login', '2025-09-08 09:25:21'),
(165, 73, 'login', '2025-09-08 09:26:55'),
(166, 4, 'login', '2025-09-08 09:29:53'),
(167, 73, 'login', '2025-09-08 09:30:46'),
(168, 4, 'login', '2025-09-08 10:54:43'),
(169, 73, 'login', '2025-09-08 10:56:16'),
(170, 4, 'login', '2025-09-08 10:57:01'),
(171, 73, 'login', '2025-09-08 10:58:31'),
(172, 4, 'login', '2025-09-08 11:00:32'),
(173, 73, 'login', '2025-09-08 11:13:02'),
(174, 4, 'login', '2025-09-08 11:14:26'),
(175, 4, 'login', '2025-09-08 12:08:28'),
(176, 4, 'login', '2025-09-09 05:52:12'),
(177, 5, 'login', '2025-09-09 06:02:55'),
(178, 5, 'login', '2025-09-09 06:22:19'),
(179, 4, 'login', '2025-09-09 06:23:45'),
(180, 5, 'login', '2025-09-09 06:24:08'),
(181, 4, 'login', '2025-09-09 06:24:38'),
(182, 5, 'login', '2025-09-09 06:25:06'),
(183, 4, 'login', '2025-09-09 06:25:51'),
(184, 5, 'login', '2025-09-09 09:57:31'),
(185, 5, 'login', '2025-09-09 09:58:39'),
(186, 4, 'login', '2025-09-09 10:04:58'),
(187, 4, 'login', '2025-09-09 10:05:26'),
(188, 4, 'login', '2025-09-09 10:06:13'),
(189, 4, 'login', '2025-09-09 10:07:02'),
(190, 4, 'login', '2025-09-09 10:07:37'),
(191, 4, 'login', '2025-09-09 10:08:05'),
(192, 4, 'login', '2025-09-09 10:08:41'),
(193, 4, 'login', '2025-09-09 10:08:56'),
(194, 4, 'login', '2025-09-09 10:09:05'),
(195, 5, 'login', '2025-09-09 10:09:32'),
(196, 5, 'login', '2025-09-09 10:09:43'),
(197, 73, 'login', '2025-09-09 10:10:07'),
(198, 73, 'login', '2025-09-09 10:10:16'),
(199, 4, 'login', '2025-09-09 10:10:27'),
(200, 73, 'login', '2025-09-09 10:11:46'),
(201, 4, 'login', '2025-09-09 10:59:35'),
(202, 4, 'login', '2025-09-09 13:02:10'),
(203, 4, 'login', '2025-09-09 14:52:58'),
(204, 4, 'login', '2025-09-10 09:40:42'),
(205, 5, 'login', '2025-09-10 09:41:16'),
(206, 4, 'login', '2025-09-10 09:42:07'),
(207, 5, 'login', '2025-09-10 10:19:35'),
(208, 4, 'login', '2025-09-10 10:20:17'),
(209, 4, 'login', '2025-09-13 04:57:03'),
(210, 5, 'login', '2025-09-13 04:57:38'),
(211, 4, 'login', '2025-09-13 04:58:52'),
(212, 73, 'login', '2025-09-13 05:14:43'),
(213, 73, 'login', '2025-09-13 05:16:15'),
(214, 73, 'login', '2025-09-13 05:17:14'),
(215, 4, 'login', '2025-09-13 05:24:34'),
(216, 73, 'login', '2025-09-13 05:25:08'),
(217, 74, 'login', '2025-09-13 05:50:40'),
(218, 4, 'login', '2025-09-13 06:31:25'),
(219, 73, 'login', '2025-09-13 08:12:31'),
(220, 4, 'login', '2025-09-13 08:13:19'),
(221, 73, 'login', '2025-09-13 08:13:41'),
(222, 73, 'login', '2025-09-13 09:10:25'),
(223, 4, 'login', '2025-09-13 09:10:47'),
(224, 73, 'login', '2025-09-13 09:11:23'),
(225, 4, 'login', '2025-09-13 09:45:18'),
(226, 73, 'login', '2025-09-13 09:48:13'),
(227, 5, 'login', '2025-09-13 10:08:08'),
(228, 2, 'login', '2025-09-13 10:12:00'),
(229, 2, 'login', '2025-09-13 10:19:43'),
(230, 5, 'login', '2025-09-13 10:45:55'),
(231, 5, 'login', '2025-09-13 11:31:49'),
(232, 5, 'login', '2025-09-13 11:57:18'),
(233, 5, 'login', '2025-09-14 04:51:47'),
(234, 5, 'login', '2025-09-14 05:00:30'),
(235, 5, 'login', '2025-09-14 05:01:50'),
(236, 5, 'login', '2025-09-14 05:25:45'),
(237, 5, 'login', '2025-09-14 11:29:55'),
(238, 4, 'login', '2025-09-14 11:47:48'),
(239, 5, 'login', '2025-09-14 11:49:57'),
(240, 5, 'login', '2025-09-15 07:30:58'),
(241, 4, 'login', '2025-09-15 13:34:14'),
(242, 5, 'login', '2025-09-15 13:35:14'),
(243, 5, 'login', '2025-09-15 15:23:35'),
(244, 5, 'login', '2025-09-15 15:32:47'),
(245, 5, 'login', '2025-09-15 15:47:36'),
(246, 5, 'login', '2025-09-15 15:55:56'),
(247, 5, 'login', '2025-09-16 00:23:18'),
(248, 5, 'login', '2025-09-16 06:25:33'),
(249, 5, 'login', '2025-09-16 08:07:56'),
(250, 73, 'login', '2025-09-16 08:17:19'),
(251, 4, 'login', '2025-09-16 08:33:01'),
(252, 73, 'login', '2025-09-16 08:33:11'),
(253, 5, 'login', '2025-09-16 08:46:52'),
(254, 73, 'login', '2025-09-16 09:09:25'),
(255, 5, 'login', '2025-09-16 09:16:50'),
(256, 5, 'login', '2025-09-16 09:27:04'),
(257, 5, 'login', '2025-09-17 07:12:07'),
(258, 5, 'login', '2025-09-17 07:12:07'),
(259, 5, 'login', '2025-09-17 07:12:07'),
(260, 5, 'login', '2025-09-17 07:12:07'),
(261, 5, 'login', '2025-09-17 07:12:07'),
(262, 5, 'login', '2025-09-17 07:12:07'),
(263, 5, 'login', '2025-09-17 07:12:07'),
(264, 5, 'login', '2025-09-17 07:12:07'),
(265, 5, 'login', '2025-09-17 07:12:29'),
(266, 5, 'login', '2025-09-17 10:18:36'),
(267, 5, 'login', '2025-09-17 11:56:49'),
(268, 73, 'login', '2025-09-17 15:35:09'),
(269, 4, 'login', '2025-09-17 15:36:22'),
(270, 73, 'login', '2025-09-17 15:36:56'),
(271, 4, 'login', '2025-09-17 15:37:19'),
(272, 73, 'login', '2025-09-17 15:38:12'),
(273, 4, 'login', '2025-09-17 15:38:42'),
(274, 73, 'login', '2025-09-17 15:40:11'),
(275, 5, 'login', '2025-09-18 14:10:22'),
(276, 5, 'login', '2025-09-22 04:56:51'),
(277, 73, 'login', '2025-09-22 05:34:29'),
(278, 4, 'login', '2025-09-22 05:35:33'),
(279, 73, 'login', '2025-09-22 05:37:23'),
(280, 4, 'login', '2025-09-22 05:37:38'),
(281, 73, 'login', '2025-09-22 05:38:12'),
(282, 4, 'login', '2025-09-22 07:02:09'),
(283, 4, 'login', '2025-09-22 07:20:30'),
(284, 4, 'login', '2025-09-22 07:33:50'),
(285, 5, 'login', '2025-09-22 08:00:40'),
(286, 4, 'login', '2025-09-22 08:01:00'),
(287, 73, 'login', '2025-09-22 09:09:21'),
(288, 4, 'login', '2025-09-22 09:10:34'),
(289, 4, 'login', '2025-09-22 09:18:34'),
(290, 4, 'login', '2025-09-23 04:47:21'),
(291, 5, 'login', '2025-09-23 04:55:45'),
(292, 73, 'login', '2025-09-23 05:32:15'),
(293, 5, 'login', '2025-09-23 06:06:51'),
(294, 73, 'login', '2025-09-23 07:13:38'),
(295, 4, 'login', '2025-09-23 08:38:54'),
(296, 4, 'login', '2025-09-23 08:39:07'),
(297, 4, 'login', '2025-09-23 08:39:34'),
(298, 73, 'login', '2025-09-23 08:40:30'),
(299, 5, 'login', '2025-09-23 08:41:00'),
(300, 2, 'login', '2025-09-23 08:41:59'),
(301, 2, 'login', '2025-09-23 08:42:37'),
(302, 5, 'login', '2025-09-23 08:43:02'),
(303, 4, 'login', '2025-09-23 09:02:47'),
(304, 2, 'login', '2025-09-23 11:29:44'),
(305, 5, 'login', '2025-09-23 11:31:01'),
(306, 4, 'login', '2025-09-23 11:31:38');

-- --------------------------------------------------------

--
-- Table structure for table `marks`
--

CREATE TABLE `marks` (
  `mark_id` int NOT NULL,
  `student_id` int DEFAULT NULL,
  `subject_id` int DEFAULT NULL,
  `exam_type` varchar(50) DEFAULT NULL,
  `score` decimal(5,2) DEFAULT NULL,
  `created_at` datetime DEFAULT NULL,
  `updated_at` datetime DEFAULT NULL
) ENGINE=InnoDB DEFAULT CHARSET=utf8mb4 COLLATE=utf8mb4_unicode_ci;

-- --------------------------------------------------------

--
-- Table structure for table `notifications`
--

CREATE TABLE `notifications` (
  `notification_id` int NOT NULL,
  `title` varchar(255) DEFAULT NULL,
  `content` text,
  `reception_type` varchar(255) DEFAULT NULL,
  `status` varchar(10) NOT NULL DEFAULT 'active',
  `created_by` int DEFAULT NULL,
  `created_at` datetime DEFAULT NULL
) ENGINE=InnoDB DEFAULT CHARSET=utf8mb4 COLLATE=utf8mb4_unicode_ci;

--
-- Dumping data for table `notifications`
--

INSERT INTO `notifications` (`notification_id`, `title`, `content`, `reception_type`, `status`, `created_by`, `created_at`) VALUES
(1, 'Parent Meeting', 'All parents are invited on Friday.', 'student', 'active', 1, '2025-08-04 15:51:51'),
(2, 'Vocation', 'Dear teachers tomorrow school is off you can rest your day 😊', 'teacher', 'active', 1, '2025-09-04 16:12:08');

-- --------------------------------------------------------

--
-- Table structure for table `payment_type`
--

CREATE TABLE `payment_type` (
  `payment_type_id` int NOT NULL,
  `payment_title` varchar(255) DEFAULT NULL,
  `price` int DEFAULT NULL,
  `created_at` datetime DEFAULT NULL
) ENGINE=InnoDB DEFAULT CHARSET=utf8mb4 COLLATE=utf8mb4_unicode_ci;

--
-- Dumping data for table `payment_type`
--

INSERT INTO `payment_type` (`payment_type_id`, `payment_title`, `price`, `created_at`) VALUES
(1, 'Book Fee', 1000, '2025-08-04 15:51:51'),
(2, 'Admission Fee', 500, '2025-08-04 15:51:51');

-- --------------------------------------------------------

--
-- Table structure for table `roles`
--

CREATE TABLE `roles` (
  `role_id` int NOT NULL,
  `role_name` varchar(255) DEFAULT NULL,
  `role_directory` varchar(255) DEFAULT NULL
) ENGINE=InnoDB DEFAULT CHARSET=utf8mb4 COLLATE=utf8mb4_unicode_ci;

--
-- Dumping data for table `roles`
--

INSERT INTO `roles` (`role_id`, `role_name`, `role_directory`) VALUES
(1, 'owner', 'owner_dashboard'),
(2, 'manager', 'manager_dashboard'),
(3, 'admin', 'admin_panel'),
(4, 'teacher', 'teacher_portal'),
(5, 'hr', 'hr_console'),
(6, 'committee', 'committee_board'),
(7, 'reception', 'reception_desk'),
(8, 'student', 'student_portal'),
(10, 'finance', 'finance_panel');

-- --------------------------------------------------------

--
-- Table structure for table `salary_payment`
--

CREATE TABLE `salary_payment` (
  `salary_id` int NOT NULL,
  `user_id` int DEFAULT NULL,
  `paid_by` int DEFAULT NULL,
  `passed_by` int DEFAULT NULL,
  `payment_amount` decimal(10,2) DEFAULT NULL,
  `bonus` decimal(10,2) DEFAULT NULL,
  `deduction` decimal(10,2) DEFAULT NULL,
  `guarantee_money` int NOT NULL DEFAULT '0',
  `payment_status` enum('pending','paid') NOT NULL DEFAULT 'pending',
  `payment_date` date DEFAULT NULL,
  `updated_at` timestamp NULL DEFAULT CURRENT_TIMESTAMP ON UPDATE CURRENT_TIMESTAMP
) ENGINE=InnoDB DEFAULT CHARSET=utf8mb4 COLLATE=utf8mb4_unicode_ci;

--
-- Dumping data for table `salary_payment`
--

INSERT INTO `salary_payment` (`salary_id`, `user_id`, `paid_by`, `passed_by`, `payment_amount`, `bonus`, `deduction`, `guarantee_money`, `payment_status`, `payment_date`, `updated_at`) VALUES
(3, 2, 2, 5, 13871.67, 500.00, 100.00, 12000, 'paid', '2025-08-14', '2025-09-14 12:03:29'),
(4, 83, NULL, 5, 8622.67, 0.00, 0.00, 0, 'paid', '2025-09-14', '2025-09-14 12:02:57'),
(5, 4, NULL, 5, 24809.90, 0.00, 0.00, 19998, 'pending', '2025-09-14', '2025-09-14 11:58:01'),
(6, 57, NULL, 5, 218.13, 220.00, 0.00, 0, 'pending', '2025-09-14', '2025-09-14 11:58:50'),
(7, 58, NULL, 5, 9445.20, 2000.00, 0.00, 0, 'pending', '2025-09-14', '2025-09-14 12:00:33'),
(8, 60, NULL, 5, 194.50, 200.00, 0.00, 10, 'pending', '2025-09-14', '2025-09-14 12:00:45'),
(9, 59, NULL, 5, 331.10, 0.00, 0.00, 14, 'pending', '2025-09-14', '2025-09-14 12:01:26'),
(10, 62, NULL, 5, 25.53, 0.00, 0.00, 17, 'pending', '2025-09-14', '2025-09-14 12:01:42'),
(11, 2, 2, 5, 21471.67, 0.00, 0.00, 4000, 'paid', '2025-07-14', '2025-09-14 12:12:15');

-- --------------------------------------------------------

--
-- Table structure for table `std_attendance`
--

CREATE TABLE `std_attendance` (
  `attendance_id` int NOT NULL,
  `student_id` int DEFAULT NULL,
  `class_id` int DEFAULT NULL,
  `teacher_id` int DEFAULT NULL,
  `status` varchar(50) DEFAULT NULL,
  `time` time DEFAULT NULL,
  `created_at` date DEFAULT NULL
) ENGINE=InnoDB DEFAULT CHARSET=utf8mb4 COLLATE=utf8mb4_unicode_ci;

--
-- Dumping data for table `std_attendance`
--

INSERT INTO `std_attendance` (`attendance_id`, `student_id`, `class_id`, `teacher_id`, `status`, `time`, `created_at`) VALUES
(2, 3, 33, 73, 'present', '18:43:12', '2025-09-04'),
(3, 36, 33, 73, 'absent', '18:43:12', '2025-09-04'),
(4, 37, 33, 73, 'leave', '18:43:12', '2025-09-04'),
(8, 38, 29, 73, 'present', '18:49:23', '2025-09-04'),
(9, 2, 32, 73, 'present', '18:56:12', '2025-09-04'),
(10, 38, 29, 73, 'present', '17:24:10', '2025-09-06'),
(11, 2, 32, 73, 'absent', '17:37:37', '2025-09-06'),
(12, 3, 33, 73, 'present', '17:37:48', '2025-09-06'),
(13, 36, 33, 73, 'absent', '17:37:48', '2025-09-06'),
(14, 37, 33, 73, 'present', '17:37:48', '2025-09-06'),
(15, 38, 29, 4, 'present', '10:56:16', '2025-09-07'),
(16, 3, 33, 4, 'present', '11:10:20', '2025-09-07'),
(17, 36, 33, 4, 'absent', '11:10:20', '2025-09-07'),
(18, 37, 33, 4, 'leave', '11:10:20', '2025-09-07'),
(19, 1, 30, 4, 'present', '11:11:11', '2025-09-07'),
(21, 2, 32, 73, 'present', '11:17:41', '2025-09-07'),
(22, 1, 42, 74, 'present', '16:17:57', '2025-09-07'),
(23, 39, 42, 74, 'absent', '16:17:57', '2025-09-07'),
(24, 1, 42, 4, 'present', '11:36:56', '2025-09-08'),
(25, 39, 42, 4, 'absent', '11:36:56', '2025-09-08'),
(26, 2, 32, 4, 'present', '14:00:29', '2025-09-08'),
(27, 3, 33, 73, 'present', '14:05:05', '2025-09-08'),
(28, 36, 33, 73, 'leave', '14:05:05', '2025-09-08'),
(29, 38, 29, 73, 'absent', '15:22:18', '2025-09-08'),
(30, 38, 29, 4, 'present', '12:18:44', '2025-09-09'),
(31, 40, 29, 4, 'absent', '12:18:44', '2025-09-09'),
(32, 3, 30, 4, 'present', '12:18:55', '2025-09-09'),
(33, 40, 29, 4, 'present', '14:56:53', '2025-09-10'),
(34, 3, 30, 4, 'present', '14:57:02', '2025-09-10'),
(35, 40, 31, 4, 'present', '15:36:37', '2025-09-10'),
(36, 2, 29, 73, 'present', '10:11:36', '2025-09-22'),
(37, 44, 33, 73, 'present', '10:12:05', '2025-09-22'),
(38, 45, 33, 73, 'absent', '10:12:05', '2025-09-22'),
(39, 46, 33, 73, 'leave', '10:12:05', '2025-09-22'),
(40, 47, 33, 73, 'present', '10:12:05', '2025-09-22'),
(41, 3, 30, 4, 'present', '15:47:56', '2025-09-22'),
(42, 38, 30, 4, 'absent', '15:47:56', '2025-09-22'),
(43, 42, 30, 4, 'present', '15:47:56', '2025-09-22'),
(44, 44, 33, 73, 'present', '10:02:38', '2025-09-23'),
(45, 45, 33, 73, 'absent', '10:02:38', '2025-09-23'),
(46, 46, 33, 73, 'absent', '10:02:38', '2025-09-23'),
(47, 47, 33, 73, 'present', '10:02:38', '2025-09-23'),
(48, 2, 29, 73, 'leave', '10:02:49', '2025-09-23'),
(49, 40, 31, 4, 'present', '14:56:59', '2025-09-23'),
(50, 3, 31, 4, 'absent', '14:56:59', '2025-09-23'),
(51, 38, 30, 4, 'present', '14:58:17', '2025-09-23'),
(52, 42, 30, 4, 'absent', '14:58:17', '2025-09-23');

-- --------------------------------------------------------

--
-- Table structure for table `students`
--

CREATE TABLE `students` (
  `student_id` int NOT NULL,
  `firstname` varchar(255) DEFAULT NULL,
  `father_name` varchar(255) DEFAULT NULL,
  `grand_father_name` varchar(255) DEFAULT NULL,
  `province` varchar(255) DEFAULT NULL,
  `join_date` date DEFAULT NULL,
  `generated_id` varchar(255) DEFAULT NULL,
  `password` varchar(255) DEFAULT NULL,
  `national_id` varchar(255) DEFAULT NULL,
  `nationality` varchar(255) DEFAULT NULL,
  `mother_language` varchar(255) DEFAULT NULL,
  `father_job` varchar(255) DEFAULT NULL,
  `current_address` varchar(255) DEFAULT NULL,
  `main_address` varchar(255) DEFAULT NULL,
  `brother_name` varchar(255) DEFAULT NULL,
  `mama_name` varchar(255) DEFAULT NULL,
  `brother_name2` varchar(255) DEFAULT NULL,
  `kaka_name` varchar(255) DEFAULT NULL,
  `bacha_kaka_name` varchar(255) DEFAULT NULL,
  `bacha_mama_name` varchar(255) DEFAULT NULL,
  `user_id` int DEFAULT NULL,
  `gender` varchar(50) DEFAULT NULL,
  `created_at` datetime DEFAULT NULL,
  `updated_at` datetime DEFAULT NULL,
  `status` enum('active','inactive','c_parcha','pending') CHARACTER SET utf8mb4 COLLATE utf8mb4_unicode_ci DEFAULT 'active',
  `phone` varchar(20) DEFAULT NULL,
  `email` varchar(255) DEFAULT NULL,
  `lastname` varchar(255) DEFAULT NULL,
  `assas_number` varchar(255) DEFAULT NULL,
  `profile` varchar(255) DEFAULT NULL,
  `date_of_birth` date DEFAULT NULL,
  `description` varchar(255) DEFAULT NULL
) ENGINE=InnoDB DEFAULT CHARSET=utf8mb4 COLLATE=utf8mb4_unicode_ci;

--
-- Dumping data for table `students`
--

INSERT INTO `students` (`student_id`, `firstname`, `father_name`, `grand_father_name`, `province`, `join_date`, `generated_id`, `password`, `national_id`, `nationality`, `mother_language`, `father_job`, `current_address`, `main_address`, `brother_name`, `mama_name`, `brother_name2`, `kaka_name`, `bacha_kaka_name`, `bacha_mama_name`, `user_id`, `gender`, `created_at`, `updated_at`, `status`, `phone`, `email`, `lastname`, `assas_number`, `profile`, `date_of_birth`, `description`) VALUES
(1, 'شفیع', 'عزیز', 'لونگ', 'کابل', '2023-03-01', 'STU-25-001', 'stu_pass1', '1400-0305-35028', 'افغان', 'دری', 'بیکار', 'گولایی خواجه بغرا', 'قره باغ', 'انصار', 'شفیق', 'گل جان', 'غریب نواز', 'شمتا', 'نورزی', 1, 'male', '2024-08-31 15:51:51', '2025-09-08 16:37:32', 'c_parcha', '12345678', 'an@gmail.com', 'احمدی', '2345328', '1755531595152.png', '2012-04-26', NULL),
(2, 'احمد', 'عزیز', 'لونگ', 'کابل', '2025-03-13', 'STU-25-002', '$2b$10$Hj4XmJdzC0Lq46IIw5/AZO3Vh7aCEVOprNgU35tsbEXdwkJnKyxKC', '1400-0305-35028', 'افغان', 'دری', 'بیکار', 'گولایی خواجه بغرا', 'قره باغ', 'انصار', 'شفیق', 'گل جان', 'غریب نواز', 'شمتا', 'نورزی', 4, 'male', '2024-08-01 16:22:19', '2025-09-23 16:17:13', 'c_parcha', '987654321', 'nc@gmail.com', 'غفوری', '1267896', '1755532309771.png', '2012-04-26', NULL),
(3, 'Felicia', 'Melissa Reeves', 'Dylan Carrillo', 'Samangan', '1998-10-05', 'STU-25-003', '$2b$10$OjZAmaHlrEWK5btly3byne5VuxarkfoJp0nToXtxp91YjTaL4qvmO', '1283-1223-32342', 'Voluptas incidunt d', 'Aspernatur deserunt ', 'Illum irure dolorum', 'Est provident minus', 'Veniam reiciendis l', 'Andrew Knight', 'Tasha Marshall', 'Jenette Price', 'Cally Mcclure', 'Ali Le', 'Barclay Webster', 4, 'male', '2024-08-09 16:06:48', '2025-09-08 16:33:05', 'active', '+1 (271) 997-6856', 'vowyxe@mailinator.com', NULL, '5451873', '1755615414069.png', '2012-04-26', NULL),
(36, 'Christine', 'Germane Malone', 'Brock Gates', 'Nimroz', '1971-01-09', 'STU-25-004', '$2b$10$aQ3oQ.MV/ioIrwO0RHj7letDBwfQ/tMzBuI08UCzbTTEErW4jho1q', '123-74-9775', 'Sed expedita blandit', 'Cillum quis ut corpo', 'Est in voluptatem su', 'Tempore repellendus', 'Doloribus fugiat no', 'Jolene Eaton', 'Brooke Banks', 'Beau Ferguson', 'Rajah Powers', 'Conan Ewing', 'Tana Copeland', 4, 'female', '2024-09-20 15:41:00', '2025-09-01 15:41:00', 'pending', '+1 (538) 739-1569', 'qubevyju@mailinator.com', 'Lopez', '8451876', '1756725059689.jpg', '2012-04-26', NULL),
(37, 'Len', 'Gail Dickerson', 'Alea Butler', 'Faryab', '1980-07-29', 'STU-25-005', '$2b$10$Cuh8VWF86qlvVP70gpEekukP3ZiX5wX7HVQXRGVk2eKh1gPNXmNIK', '123-456-789', 'Ipsum neque ea veli', 'Esse itaque repellen', 'Soluta error perspic', 'Quod qui duis iusto ', 'Consequatur volupta', 'Kellie Stephenson', 'Althea Edwards', 'Buckminster Noble', 'Ariana Lawson', 'Lara Carrillo', 'Rooney Hubbard', 4, 'male', '2024-09-12 15:45:44', '2025-09-08 16:31:12', 'inactive', '+1 (859) 987-3078', 'gyvaretil@mailinator.com', 'Hooper', '3451876', '1756725343673.png', '2012-04-26', NULL),
(38, 'Whoopi', 'Karina Middleton', 'Erin Aguirre', 'Maidan Wardak', '1981-11-03', 'STU-25-006', '$2b$10$PPiu7NKLh./lX0r9QMuVTuX9DnKOSiiCdMDaB.zOb0cjTVzpJvue6', '123123124', 'Eaque ipsum blandit', 'Mollitia quo vel ist', 'Animi id dolores qu', 'Dolorem vero elit e', 'Id et lorem rerum si', 'Candace Aguilar', 'Molly Figueroa', 'Phelan Cote', 'Holly Harrison', 'Axel Luna', 'Aurelia Melton', 4, 'female', '2024-09-04 15:59:49', '2025-09-09 19:09:01', 'active', '+1 (267) 384-1609', 'qyrihuda@mailinator.com', 'Myers', '3451654', '1756726188574.png', '2012-04-26', NULL),
(39, 'Trevor', 'Breanna Macdonald', 'Holly Rogers', 'Paktika', '1982-04-23', 'STU-25-007', '$2b$10$7h5VeulSaeN5nEsZdjSrNOiiakURt7DAjITyCi7hzwNgBKODkVt6W', '123123123', 'Illum rerum et natu', 'Sed pariatur Laboru', 'Recusandae Quos lab', 'In excepteur tenetur', 'Et iste soluta culpa', 'Xavier Odonnell', 'Dillon Cardenas', 'Arsenio Jarvis', 'Eaton Hester', 'Rogan Bowen', 'Fay English', 4, 'female', '2024-09-05 16:08:14', '2025-09-08 16:32:55', 'c_parcha', '+1 (104) 372-9921', 'mylo@mailinator.com', 'Cantrell', '3451227', '1756726693812.png', '2004-11-27', NULL),
(40, 'Safi', 'Fahim', 'Nasrat', 'Kabul', '2025-07-09', 'STU-25-008', '$2b$10$JCHxn3eM07Jpj1klYz9Pzu7q.5nIAw9Wf7rl7rvQWFleWwluFSTta', '1923-123-5432', 'Afghan', 'Pashto', 'Engineer', '15th/Khiar khana laisa maryam', 'qarabagh/qalai shahi', 'Samim', 'Ghafar', 'Amin', 'Shamim', 'Saboor', 'Naim', 4, 'male', '2024-09-13 11:25:24', '2025-09-09 11:25:24', 'active', '0765434156', 'safi25@gmail.com', 'Noori', '3451239', '1757400923685.jpg', '2000-07-27', 'این شاگرد از مکتب وهاب به نمبر اساس ۵۴۳۳۲ به مکتب ما امده'),
(41, 'Imogene', 'Piper Cantu', 'Isadora Mosley', 'Nuristan', '2002-05-16', 'STU-25-009', '$2b$10$rXCaQCzUHsLhj2xbvKFmV.dR2mjxpFhxmBLJo/nS9az6hBLzodqrG', '34234-3423-4234', 'Voluptatem consectet', 'Eaque sint et beatae', 'Quibusdam laboriosam', 'Sunt eligendi nulla ', 'Commodi quaerat sapi', 'Bertha Salinas', '', '', '', '', '', 4, 'male', '2024-09-06 11:27:40', '2025-09-10 15:12:37', 'c_parcha', '+1 (619) 198-8423', 'cexa@mailinator.com', 'Massey', '3029421', '1757401060265.png', '1992-07-27', 'این شاگرد از مکتب وهاب به نمبر اساس ۴۳۲۳به مکتب ما امده'),
(42, 'Aziz', 'Otto Mcneil', 'Mohammad Knowles', 'Laghman', '2006-04-20', 'STU-25-010', '$2b$10$/xXVGwQDg1fo5Qz5cpTmA.AsfywnI.CL0aXabiw2co0LygiI.dOcy', '123123123', 'Dolor velit est pers', 'Non eos ullamco et ', 'Omnis quis ad obcaec', 'Alias dolore dolore ', 'Tempor nulla explica', 'Galvin Huffman', 'Emery Compton', 'Kato Roberson', 'Lavinia Bennett', 'Rashad Norman', 'Hope Cochran', 4, 'female', '2025-09-13 09:34:25', '2025-09-13 09:34:25', 'active', '+1 (928) 898-8206', 'wiqekar@mailinator.com', 'Hendrix', '250', '1757739865027.PNG', '2012-08-15', 'Id laborum ex in qu'),
(43, 'Shamim', 'Tana Travis', 'Nicole Graham', 'Herat', '2000-06-24', 'STU-25-011', '$2b$10$Oilk0vpj7FWWL3tqMAaI.eNV8NvVEe1LJLso3AvOEgw1NM47LCwVa', '123123123', 'Occaecat accusantium', 'Reiciendis est et vo', 'Dolor repellendus T', 'Eiusmod vel et est ', 'Ut veniam proident', 'Mary Cotton', 'Suki Johnston', 'Alika Wood', 'Emily Mooney', 'Moana Cortez', 'Carl Hess', 4, 'female', '2025-09-13 09:35:28', '2025-09-17 20:09:15', 'c_parcha', '+1 (613) 798-1925', 'qovaz@mailinator.com', 'Mack', '566', '1757739927831.PNG', '1994-04-05', 'Duis similique nihil'),
(44, 'asdf', 'Coby Buchanan', 'Declan Ellis', 'Parwan', '2018-11-01', 'STU-25-012', '$2b$10$ViTdcCg1srEJg6HFYSI6pO8kg1SCPrDGMPEfRBRzTTpvt/q9g7Nya', '123123123', 'Do et impedit vitae', 'Qui est recusandae', 'Sit quis ex et sint', 'Officia quo voluptat', 'Molestiae est cillu', 'Tarik Combs', 'Mufutau Moody', 'Simon Richard', 'Leah Coffey', 'Tanya Colon', 'Josephine Terrell', 4, 'female', '2025-09-13 12:18:51', '2025-09-13 12:18:51', 'active', '+1 (537) 695-9668', 'koxafah@mailinator.com', 'Shaffer', '485', '1757749730673.png', '1998-07-04', 'Est eu sed ea placea'),
(45, 'Habib', 'Illiana Estrada', 'Sybill King', 'Ghor', '2002-09-25', 'STU-25-013', '$2b$10$Jsmbws5HEiIMwcwGTNRcH.Nxyp.QP4sqBBsIl7iJ6QtQiNCyzjNqa', '23445765', 'Excepteur commodo ip', 'Velit quia commodi d', 'Eum impedit ad eum ', 'Eos quidem vero cons', 'Repellendus Sint a', 'Fallon Fitzgerald', 'Claudia Jennings', 'Brynne Goff', 'Mary Chandler', 'Dorothy Soto', 'Gemma Glass', 4, 'female', '2025-09-13 12:20:00', '2025-09-13 12:20:00', 'active', '+1 (619) 837-4767', 'nubur@mailinator.com', 'Salazar', '270', '1757749799594.jpeg', '1980-05-12', 'Dolore dolore offici'),
(46, '', 'Minerva Velazquez', 'Roary Gilliam', 'Urozgan', '1992-07-28', 'STU-25-014', '$2b$10$9KgqVfK/U1u4VSiNGhGlbu5ATt/vHi2eMzrOvDfBR2uXrydR7FTrW', '98765432', 'Nesciunt ipsum ut ', 'Quod nostrud culpa ', 'Velit et do voluptas', 'Et non id sequi qua', 'Velit quia expedita ', 'Robin Zimmerman', 'Ferdinand Mckee', 'Tanner Blair', 'Ariel Frost', 'Moses Harding', 'Victoria Richard', 4, 'male', '2025-09-13 12:27:07', '2025-09-13 12:27:07', 'active', '+1 (845) 178-1755', 'huwyqidas@mailinator.com', 'Baker', '494', '1757750226727.PNG', '2015-10-05', 'Qui impedit delectu'),
(47, 'ABC', 'Mira Donaldson', 'Owen Thornton', 'Helmand', '1978-03-01', 'STU-25-015', '$2b$10$2AYTN7QhfHfmmKkS9f.Vwex5sTs/q7lPg6EkagZMs7YB.Ap/cSeze', '75848372', 'Atque praesentium di', 'Aliquid debitis reru', 'Laborum ut at proide', 'Non deleniti et nesc', 'Voluptatem qui nihi', 'Heidi Ball', 'Hector Head', 'Lionel Stanley', 'Knox Glover', 'Karyn Kemp', 'Paula Ellison', 4, 'female', '2025-09-13 12:29:23', '2025-09-13 12:29:23', 'active', '+1 (703) 586-4795', 'mifilydoz@mailinator.com', 'Phillips', '257', '1757750362736.PNG', '2016-06-06', 'Quos sed assumenda q'),
(48, 'Amber', 'Uta Wolf', 'Mariam Wise', 'Nimroz', '2025-09-22', 'STU-25-016', '$2b$10$ZPasGjOj9XlL7WVhXo875uV3MdSLgvzKlxfeB/5T64FHVt2fbYyqa', '3432-324-2343', 'Eius et laborum Ali', 'Dari', 'Minus debitis sit a', 'Nemo aperiam archite', 'Veritatis cum ex vol', 'Jameson Jacobson', 'Lilah Hampton', 'September Clements', 'Jescie Thomas', 'Sean Haley', 'Jade Clayton', 4, 'male', '2025-09-22 12:14:55', '2025-09-22 12:21:52', 'inactive', '+1 (433) 714-5115', 'xixa@mailinator.com', 'Mccarthy', '1929939', '1758527095055.png', '1965-09-07', 'Officiis deleniti pr'),
(49, 'Beau', 'Alika Talley', 'Cecilia Charles', 'Jowzjan', '2025-09-08', 'STU-25-017', '$2b$10$xMi.Dj5ARCCzENBppVFznOOY4cbwDU2XGcfqHyu4jlT/cIkT2tfA6', '432-587-987', 'Ab atque et deserunt', 'Quia laboriosam com', 'Ut qui velit consec', 'Adipisci eaque accus', 'Corporis aliquid tem', 'Ingrid Oneal', 'Connor Hurley', 'Kevin Fischer', 'Ora Wood', 'Haviva Albert', 'Jameson Gibbs', 4, 'male', '2025-09-22 12:32:42', '2025-09-22 15:04:34', 'c_parcha', '+1 (923) 505-6813', 'havo@mailinator.com', 'Park', '316', '1758528162184.png', '1974-08-28', 'this student came with assas 34949 from ghulam haider khan scholl in class 4');

-- --------------------------------------------------------

--
-- Table structure for table `student_payment`
--

CREATE TABLE `student_payment` (
  `payment_id` int NOT NULL,
  `student_id` int DEFAULT NULL,
  `payment_amount` decimal(10,2) DEFAULT NULL,
  `payment_type` int DEFAULT NULL,
  `discount` decimal(10,2) DEFAULT NULL,
  `student_payment_user` int DEFAULT NULL,
  `payment_date` date DEFAULT NULL
) ENGINE=InnoDB DEFAULT CHARSET=utf8mb4 COLLATE=utf8mb4_unicode_ci;

--
-- Dumping data for table `student_payment`
--

INSERT INTO `student_payment` (`payment_id`, `student_id`, `payment_amount`, `payment_type`, `discount`, `student_payment_user`, `payment_date`) VALUES
(1, 1, 1000.00, 1, 0.00, 1, '2024-04-01');

-- --------------------------------------------------------

--
-- Table structure for table `subjects`
--

CREATE TABLE `subjects` (
  `subject_id` int NOT NULL,
  `subject_name` varchar(255) DEFAULT NULL,
  `subject_code` varchar(100) DEFAULT NULL,
  `subject_color` varchar(255) NOT NULL
) ENGINE=InnoDB DEFAULT CHARSET=utf8mb4 COLLATE=utf8mb4_unicode_ci;

--
-- Dumping data for table `subjects`
--

INSERT INTO `subjects` (`subject_id`, `subject_name`, `subject_code`, `subject_color`) VALUES
(3, 'Math', 'Math', '#FFEBEE'),
(9, 'Science', 'Science', '#E8F5E9'),
(11, 'Dari', 'Dari', '#E0F2F1'),
(12, 'Arabic', 'Arabic', '#F1F8E9'),
(13, 'Quran', 'Quran', '#FFCCBC'),
(14, 'Pashto', 'Pashto', '#F5F5F5'),
(15, 'English', 'English', '#E8EAF6'),
(16, 'Improvement English', 'Imp-English', '#CFD8DC'),
(17, 'Computer', 'Computer', '#E8E8E8'),
(18, 'Sport', 'Sport', '#D1C4E9'),
(19, 'Islamic ', 'Islamic', '#F8BBD0'),
(20, 'History', 'History', '#FAFAFA'),
(21, 'Geography', 'Geography', '#FFE0B2'),
(22, 'Arts', 'Arts', '#ECEFF1'),
(23, 'Physics', 'Physics', '#C5CAE9'),
(24, 'Biology', 'Biology', '#FBE9E7'),
(25, 'Chemistry', 'Chemistry', '#B2DFDB'),
(26, 'Geology', 'Geology', '#E1F5FE'),
(28, 'Tafsir', 'Tafsir', '#FFECB3'),
(29, 'Donyat', 'Donyat', '#B3E5FC'),
(30, 'Ejtemayat', 'Ejtemayat', '#E0F7FA'),
(33, 'Empty', 'Vocation', '#E1BEE7');

-- --------------------------------------------------------

--
-- Table structure for table `themes`
--

CREATE TABLE `themes` (
  `theme_id` int NOT NULL,
  `background` varchar(255) DEFAULT NULL,
  `color` varchar(255) DEFAULT NULL,
  `font` varchar(255) DEFAULT NULL,
  `updated_by` int DEFAULT NULL,
  `updated_at` datetime DEFAULT NULL
) ENGINE=InnoDB DEFAULT CHARSET=utf8mb4 COLLATE=utf8mb4_unicode_ci;

--
-- Dumping data for table `themes`
--

INSERT INTO `themes` (`theme_id`, `background`, `color`, `font`, `updated_by`, `updated_at`) VALUES
(1, 'light', '#ffffff', 'Arial', 1, '2025-08-04 15:51:51');

-- --------------------------------------------------------

--
-- Table structure for table `timetable`
--

CREATE TABLE `timetable` (
  `timetable_id` int NOT NULL,
  `class_id` int NOT NULL,
  `subject_id` int NOT NULL,
  `teacher_id` int NOT NULL,
  `academic_year` year NOT NULL,
  `count` int NOT NULL DEFAULT '1',
  `status` enum('active','inactive') DEFAULT 'active',
  `created_at` timestamp NULL DEFAULT CURRENT_TIMESTAMP,
  `updated_at` timestamp NULL DEFAULT CURRENT_TIMESTAMP ON UPDATE CURRENT_TIMESTAMP
) ENGINE=InnoDB DEFAULT CHARSET=utf8mb4 COLLATE=utf8mb4_unicode_ci;

--
-- Dumping data for table `timetable`
--

INSERT INTO `timetable` (`timetable_id`, `class_id`, `subject_id`, `teacher_id`, `academic_year`, `count`, `status`, `created_at`, `updated_at`) VALUES
(3, 31, 11, 62, '2025', 6, 'active', '2025-09-03 09:43:22', '2025-09-03 09:43:22'),
(4, 30, 11, 62, '2025', 6, 'active', '2025-09-03 09:43:29', '2025-09-03 09:43:29'),
(6, 30, 3, 62, '2025', 6, 'active', '2025-09-03 09:47:45', '2025-09-03 09:47:45'),
(7, 29, 3, 62, '2025', 6, 'active', '2025-09-03 09:49:17', '2025-09-03 09:49:17'),
(8, 31, 3, 62, '2025', 6, 'active', '2025-09-03 09:49:24', '2025-09-03 09:49:24'),
(9, 29, 12, 63, '2025', 3, 'active', '2025-09-03 09:50:09', '2025-09-03 09:50:09'),
(10, 30, 12, 63, '2025', 3, 'active', '2025-09-03 09:50:18', '2025-09-03 09:50:18'),
(11, 31, 12, 63, '2025', 3, 'active', '2025-09-03 09:50:32', '2025-09-03 09:50:32'),
(12, 32, 12, 63, '2025', 3, 'active', '2025-09-03 09:51:21', '2025-09-03 09:51:21'),
(13, 33, 12, 63, '2025', 2, 'active', '2025-09-03 09:51:50', '2025-09-03 09:51:50'),
(14, 34, 12, 63, '2025', 2, 'active', '2025-09-03 09:51:55', '2025-09-03 09:51:55'),
(15, 35, 12, 63, '2025', 2, 'active', '2025-09-03 09:51:59', '2025-09-03 09:51:59'),
(16, 36, 12, 63, '2025', 2, 'active', '2025-09-03 09:52:04', '2025-09-03 09:52:04'),
(17, 37, 12, 63, '2025', 2, 'active', '2025-09-03 09:52:13', '2025-09-03 09:52:13'),
(18, 29, 29, 63, '2025', 5, 'active', '2025-09-03 09:53:25', '2025-09-03 09:53:25'),
(19, 30, 29, 63, '2025', 5, 'active', '2025-09-03 09:53:29', '2025-09-03 09:53:29'),
(26, 31, 29, 65, '2025', 5, 'active', '2025-09-03 09:55:19', '2025-09-03 09:55:19'),
(27, 29, 14, 65, '2025', 3, 'active', '2025-09-03 09:57:36', '2025-09-03 09:57:36'),
(28, 30, 14, 65, '2025', 3, 'active', '2025-09-03 09:57:40', '2025-09-03 09:57:40'),
(29, 31, 14, 65, '2025', 3, 'active', '2025-09-03 09:57:44', '2025-09-03 09:57:44'),
(30, 32, 14, 65, '2025', 3, 'active', '2025-09-03 09:57:49', '2025-09-03 09:57:49'),
(31, 33, 14, 65, '2025', 3, 'active', '2025-09-03 09:57:54', '2025-09-03 09:57:54'),
(32, 34, 14, 65, '2025', 3, 'active', '2025-09-03 09:57:59', '2025-09-03 09:57:59'),
(33, 35, 14, 65, '2025', 3, 'active', '2025-09-03 09:58:04', '2025-09-03 09:58:04'),
(34, 36, 14, 65, '2025', 3, 'active', '2025-09-03 09:58:09', '2025-09-03 09:58:09'),
(35, 37, 14, 65, '2025', 3, 'active', '2025-09-03 09:58:15', '2025-09-03 09:58:15'),
(36, 29, 13, 66, '2025', 6, 'active', '2025-09-03 09:59:12', '2025-09-03 09:59:12'),
(37, 30, 13, 66, '2025', 6, 'active', '2025-09-03 09:59:17', '2025-09-03 09:59:17'),
(38, 31, 13, 66, '2025', 6, 'active', '2025-09-03 09:59:29', '2025-09-03 09:59:29'),
(39, 32, 13, 66, '2025', 6, 'active', '2025-09-03 09:59:33', '2025-09-03 09:59:33'),
(40, 35, 13, 66, '2025', 5, 'active', '2025-09-03 10:00:07', '2025-09-03 10:00:07'),
(41, 36, 13, 66, '2025', 5, 'active', '2025-09-03 10:00:12', '2025-09-03 10:00:12'),
(42, 37, 13, 66, '2025', 5, 'active', '2025-09-03 10:00:17', '2025-09-03 10:00:17'),
(43, 32, 11, 67, '2025', 6, 'active', '2025-09-03 10:00:59', '2025-09-03 10:00:59'),
(44, 33, 11, 67, '2025', 5, 'active', '2025-09-03 10:01:15', '2025-09-03 10:01:15'),
(45, 34, 11, 67, '2025', 5, 'active', '2025-09-03 10:01:21', '2025-09-03 10:01:21'),
(46, 35, 11, 67, '2025', 5, 'active', '2025-09-03 10:01:26', '2025-09-03 10:01:26'),
(47, 36, 11, 67, '2025', 5, 'active', '2025-09-03 10:01:31', '2025-09-03 10:01:31'),
(48, 37, 11, 67, '2025', 5, 'active', '2025-09-03 10:01:35', '2025-09-03 10:01:35'),
(49, 32, 3, 68, '2025', 6, 'active', '2025-09-03 10:02:30', '2025-09-03 10:02:30'),
(50, 33, 3, 68, '2025', 6, 'active', '2025-09-03 10:02:35', '2025-09-03 10:02:35'),
(51, 34, 3, 68, '2025', 6, 'active', '2025-09-03 10:02:39', '2025-09-03 10:02:39'),
(52, 35, 3, 68, '2025', 6, 'active', '2025-09-03 10:02:43', '2025-09-03 10:02:43'),
(53, 36, 3, 68, '2025', 6, 'active', '2025-09-03 10:02:48', '2025-09-03 10:02:48'),
(54, 37, 3, 68, '2025', 6, 'active', '2025-09-03 10:02:53', '2025-09-03 10:02:53'),
(55, 31, 15, 69, '2025', 6, 'active', '2025-09-03 10:03:49', '2025-09-03 10:03:49'),
(56, 32, 15, 69, '2025', 6, 'active', '2025-09-03 10:03:56', '2025-09-03 10:03:56'),
(57, 33, 15, 69, '2025', 5, 'active', '2025-09-03 10:04:10', '2025-09-03 10:04:10'),
(58, 34, 15, 69, '2025', 5, 'active', '2025-09-03 10:04:15', '2025-09-03 10:04:15'),
(59, 35, 15, 69, '2025', 5, 'active', '2025-09-03 10:04:21', '2025-09-03 10:04:21'),
(60, 36, 15, 69, '2025', 5, 'active', '2025-09-03 10:04:26', '2025-09-03 10:04:26'),
(61, 37, 15, 69, '2025', 5, 'active', '2025-09-03 10:04:31', '2025-09-03 10:04:31'),
(62, 29, 15, 70, '2025', 6, 'active', '2025-09-03 10:05:06', '2025-09-03 10:05:06'),
(63, 30, 15, 70, '2025', 6, 'active', '2025-09-03 10:05:12', '2025-09-03 10:05:12'),
(64, 29, 17, 70, '2025', 3, 'active', '2025-09-03 10:05:43', '2025-09-03 10:05:43'),
(65, 30, 17, 70, '2025', 3, 'active', '2025-09-03 10:05:50', '2025-09-03 10:05:50'),
(66, 31, 17, 70, '2025', 3, 'active', '2025-09-03 10:05:58', '2025-09-03 10:05:58'),
(67, 32, 17, 70, '2025', 3, 'active', '2025-09-03 10:06:03', '2025-09-03 10:06:03'),
(68, 33, 17, 70, '2025', 2, 'active', '2025-09-03 10:06:17', '2025-09-03 10:06:17'),
(69, 34, 17, 70, '2025', 2, 'active', '2025-09-03 10:06:24', '2025-09-03 10:06:24'),
(70, 35, 17, 70, '2025', 2, 'active', '2025-09-03 10:06:28', '2025-09-03 10:06:28'),
(71, 36, 17, 70, '2025', 2, 'active', '2025-09-03 10:06:33', '2025-09-03 10:06:33'),
(72, 37, 17, 70, '2025', 2, 'active', '2025-09-03 10:06:37', '2025-09-03 10:06:37'),
(73, 29, 22, 71, '2025', 2, 'active', '2025-09-03 10:07:20', '2025-09-03 10:07:20'),
(74, 30, 22, 71, '2025', 2, 'active', '2025-09-03 10:07:28', '2025-09-03 10:07:28'),
(75, 31, 22, 71, '2025', 2, 'active', '2025-09-03 10:07:34', '2025-09-03 10:07:34'),
(76, 32, 22, 71, '2025', 2, 'active', '2025-09-03 10:07:44', '2025-09-03 10:07:44'),
(77, 33, 22, 71, '2025', 2, 'active', '2025-09-03 10:07:50', '2025-09-03 10:07:50'),
(78, 34, 22, 71, '2025', 2, 'active', '2025-09-03 10:07:55', '2025-09-03 10:07:55'),
(79, 35, 22, 71, '2025', 2, 'active', '2025-09-03 10:08:01', '2025-09-03 10:08:01'),
(80, 36, 22, 71, '2025', 2, 'active', '2025-09-03 10:08:06', '2025-09-03 10:08:06'),
(81, 37, 22, 71, '2025', 2, 'active', '2025-09-03 10:08:11', '2025-09-03 10:08:11'),
(91, 33, 30, 72, '2025', 2, 'active', '2025-09-03 10:12:13', '2025-09-03 10:12:13'),
(92, 34, 30, 72, '2025', 2, 'active', '2025-09-03 10:12:17', '2025-09-03 10:12:17'),
(93, 35, 30, 72, '2025', 2, 'active', '2025-09-03 10:12:21', '2025-09-03 10:12:21'),
(94, 36, 30, 72, '2025', 2, 'active', '2025-09-03 10:12:25', '2025-09-03 10:12:25'),
(95, 37, 30, 72, '2025', 2, 'active', '2025-09-03 10:12:29', '2025-09-03 10:12:29'),
(96, 33, 9, 72, '2025', 3, 'active', '2025-09-03 10:12:52', '2025-09-03 10:12:52'),
(97, 34, 9, 72, '2025', 3, 'active', '2025-09-03 10:12:57', '2025-09-03 10:12:57'),
(98, 35, 9, 72, '2025', 3, 'active', '2025-09-03 10:13:03', '2025-09-03 10:13:03'),
(99, 36, 9, 72, '2025', 3, 'active', '2025-09-03 10:13:09', '2025-09-03 10:13:09'),
(100, 37, 9, 72, '2025', 3, 'active', '2025-09-03 10:13:14', '2025-09-03 10:13:14'),
(101, 33, 13, 73, '2025', 5, 'active', '2025-09-03 10:13:53', '2025-09-03 10:13:53'),
(102, 34, 13, 73, '2025', 5, 'active', '2025-09-03 10:13:58', '2025-09-03 10:13:58'),
(103, 38, 17, 74, '2025', 2, 'active', '2025-09-03 10:14:35', '2025-09-03 10:14:35'),
(104, 39, 17, 74, '2025', 2, 'active', '2025-09-03 10:14:40', '2025-09-03 10:14:40'),
(105, 40, 17, 74, '2025', 2, 'active', '2025-09-03 10:14:46', '2025-09-03 10:14:46'),
(106, 41, 17, 74, '2025', 2, 'active', '2025-09-03 10:14:57', '2025-09-03 10:14:57'),
(107, 42, 17, 74, '2025', 2, 'active', '2025-09-03 10:15:02', '2025-09-03 10:15:02'),
(108, 43, 17, 74, '2025', 2, 'active', '2025-09-03 10:15:09', '2025-09-03 10:15:09'),
(109, 41, 3, 74, '2025', 6, 'active', '2025-09-03 10:15:21', '2025-09-03 10:15:21'),
(110, 42, 3, 74, '2025', 6, 'active', '2025-09-03 10:15:25', '2025-09-03 10:15:25'),
(111, 43, 3, 74, '2025', 6, 'active', '2025-09-03 10:15:31', '2025-09-03 10:15:31'),
(112, 38, 3, 75, '2025', 6, 'active', '2025-09-03 10:15:57', '2025-09-03 10:15:57'),
(113, 39, 3, 75, '2025', 6, 'active', '2025-09-03 10:16:01', '2025-09-03 10:16:01'),
(114, 40, 3, 75, '2025', 6, 'active', '2025-09-03 10:16:08', '2025-09-03 10:16:08'),
(115, 38, 14, 75, '2025', 3, 'active', '2025-09-03 10:16:33', '2025-09-03 10:16:33'),
(116, 39, 14, 75, '2025', 3, 'active', '2025-09-03 10:16:37', '2025-09-03 10:16:37'),
(117, 40, 14, 75, '2025', 3, 'active', '2025-09-03 10:16:43', '2025-09-03 10:16:43'),
(118, 41, 14, 75, '2025', 2, 'active', '2025-09-03 10:16:54', '2025-09-03 10:16:54'),
(119, 42, 14, 75, '2025', 2, 'active', '2025-09-03 10:16:59', '2025-09-03 10:16:59'),
(120, 43, 14, 75, '2025', 2, 'active', '2025-09-03 10:17:05', '2025-09-03 10:17:05'),
(121, 38, 23, 76, '2025', 3, 'active', '2025-09-03 10:17:41', '2025-09-03 10:17:41'),
(122, 39, 23, 76, '2025', 3, 'active', '2025-09-03 10:17:47', '2025-09-03 10:17:47'),
(123, 40, 23, 76, '2025', 3, 'active', '2025-09-03 10:17:52', '2025-09-03 10:17:52'),
(124, 38, 15, 76, '2025', 4, 'active', '2025-09-03 10:18:17', '2025-09-03 10:18:17'),
(125, 39, 15, 76, '2025', 4, 'active', '2025-09-03 10:18:23', '2025-09-03 10:18:23'),
(126, 40, 15, 76, '2025', 4, 'active', '2025-09-03 10:18:28', '2025-09-03 10:18:28'),
(127, 40, 24, 76, '2025', 2, 'active', '2025-09-03 10:18:53', '2025-09-03 10:18:53'),
(128, 41, 24, 76, '2025', 2, 'active', '2025-09-03 10:18:57', '2025-09-03 10:18:57'),
(129, 42, 24, 76, '2025', 4, 'active', '2025-09-03 10:19:07', '2025-09-03 10:19:07'),
(130, 43, 24, 76, '2025', 4, 'active', '2025-09-03 10:19:13', '2025-09-03 10:19:13'),
(142, 38, 12, 78, '2025', 3, 'active', '2025-09-03 10:22:32', '2025-09-03 10:22:32'),
(143, 39, 12, 78, '2025', 3, 'active', '2025-09-03 10:22:40', '2025-09-03 10:22:40'),
(144, 40, 12, 78, '2025', 3, 'active', '2025-09-03 10:22:45', '2025-09-03 10:22:45'),
(145, 41, 26, 78, '2025', 2, 'active', '2025-09-03 10:23:03', '2025-09-03 10:23:03'),
(146, 38, 21, 78, '2025', 2, 'active', '2025-09-03 10:23:23', '2025-09-03 10:23:23'),
(147, 39, 21, 78, '2025', 2, 'active', '2025-09-03 10:23:27', '2025-09-03 10:23:27'),
(148, 40, 21, 78, '2025', 2, 'active', '2025-09-03 10:23:32', '2025-09-03 10:23:32'),
(149, 41, 21, 78, '2025', 2, 'active', '2025-09-03 10:23:38', '2025-09-03 10:23:38'),
(150, 42, 21, 78, '2025', 2, 'active', '2025-09-03 10:23:43', '2025-09-03 10:23:43'),
(151, 43, 21, 78, '2025', 2, 'active', '2025-09-03 10:23:49', '2025-09-03 10:23:49'),
(153, 38, 20, 78, '2025', 2, 'active', '2025-09-03 10:24:32', '2025-09-03 10:24:32'),
(154, 39, 20, 78, '2025', 2, 'active', '2025-09-03 10:24:37', '2025-09-03 10:24:37'),
(155, 40, 20, 78, '2025', 2, 'active', '2025-09-03 10:24:43', '2025-09-03 10:24:43'),
(156, 41, 20, 78, '2025', 2, 'active', '2025-09-03 10:24:48', '2025-09-03 10:24:48'),
(157, 42, 20, 78, '2025', 2, 'active', '2025-09-03 10:24:54', '2025-09-03 10:24:54'),
(158, 43, 20, 78, '2025', 2, 'active', '2025-09-03 10:25:00', '2025-09-03 10:25:00'),
(159, 41, 23, 79, '2025', 4, 'active', '2025-09-03 10:25:33', '2025-09-03 10:25:33'),
(160, 42, 23, 79, '2025', 4, 'active', '2025-09-03 10:25:38', '2025-09-03 10:25:38'),
(161, 43, 23, 79, '2025', 4, 'active', '2025-09-03 10:25:45', '2025-09-03 10:25:45'),
(162, 38, 25, 79, '2025', 4, 'active', '2025-09-03 10:26:06', '2025-09-03 10:26:06'),
(163, 39, 25, 79, '2025', 4, 'active', '2025-09-03 10:26:11', '2025-09-03 10:26:11'),
(164, 40, 25, 79, '2025', 4, 'active', '2025-09-03 10:26:17', '2025-09-03 10:26:17'),
(165, 41, 25, 79, '2025', 4, 'active', '2025-09-03 10:26:23', '2025-09-03 10:26:23'),
(166, 42, 25, 79, '2025', 4, 'active', '2025-09-03 10:26:28', '2025-09-03 10:26:28'),
(167, 43, 25, 79, '2025', 4, 'active', '2025-09-03 10:26:33', '2025-09-03 10:26:33'),
(168, 38, 11, 80, '2025', 3, 'active', '2025-09-03 10:27:05', '2025-09-03 10:27:05'),
(169, 39, 11, 80, '2025', 3, 'active', '2025-09-03 10:27:10', '2025-09-03 10:27:10'),
(170, 40, 11, 80, '2025', 3, 'active', '2025-09-03 10:27:15', '2025-09-03 10:27:15'),
(171, 41, 11, 80, '2025', 2, 'active', '2025-09-03 10:27:26', '2025-09-03 10:27:26'),
(172, 42, 11, 80, '2025', 2, 'active', '2025-09-03 10:27:30', '2025-09-03 10:27:30'),
(173, 43, 11, 80, '2025', 2, 'active', '2025-09-03 10:27:36', '2025-09-03 10:27:36'),
(174, 41, 15, 80, '2025', 5, 'active', '2025-09-03 10:27:58', '2025-09-03 10:27:58'),
(175, 42, 15, 80, '2025', 5, 'active', '2025-09-03 10:28:09', '2025-09-03 10:28:09'),
(176, 43, 15, 80, '2025', 5, 'active', '2025-09-03 10:28:14', '2025-09-03 10:28:14'),
(177, 38, 24, 81, '2025', 2, 'active', '2025-09-03 10:28:49', '2025-09-03 10:28:49'),
(178, 39, 24, 81, '2025', 2, 'active', '2025-09-03 10:28:54', '2025-09-03 10:28:54'),
(185, 38, 29, 77, '2025', 3, 'active', '2025-09-03 11:06:08', '2025-09-03 11:06:08'),
(186, 39, 29, 77, '2025', 3, 'active', '2025-09-03 11:06:12', '2025-09-03 11:06:12'),
(187, 40, 29, 77, '2025', 3, 'active', '2025-09-03 11:06:17', '2025-09-03 11:06:17'),
(188, 41, 29, 77, '2025', 4, 'active', '2025-09-03 11:06:25', '2025-09-03 11:06:25'),
(189, 42, 29, 77, '2025', 4, 'active', '2025-09-03 11:06:30', '2025-09-03 11:06:30'),
(190, 43, 29, 77, '2025', 4, 'active', '2025-09-03 11:06:35', '2025-09-03 11:06:35'),
(191, 38, 13, 77, '2025', 3, 'active', '2025-09-03 11:07:11', '2025-09-03 11:07:11'),
(192, 39, 13, 77, '2025', 3, 'active', '2025-09-03 11:07:14', '2025-09-03 11:07:14'),
(193, 41, 28, 77, '2025', 3, 'active', '2025-09-03 11:07:29', '2025-09-03 11:07:29'),
(194, 42, 28, 77, '2025', 3, 'active', '2025-09-03 11:07:33', '2025-09-03 11:07:33'),
(195, 43, 28, 77, '2025', 3, 'active', '2025-09-03 11:07:38', '2025-09-03 11:07:38'),
(196, 32, 29, 64, '2025', 5, 'active', '2025-09-03 11:09:58', '2025-09-03 11:09:58'),
(197, 33, 29, 64, '2025', 5, 'active', '2025-09-03 11:10:02', '2025-09-03 11:10:02'),
(198, 34, 29, 64, '2025', 5, 'active', '2025-09-03 11:10:07', '2025-09-03 11:10:07'),
(199, 35, 29, 64, '2025', 5, 'active', '2025-09-03 11:10:12', '2025-09-03 11:10:12'),
(200, 36, 29, 64, '2025', 5, 'active', '2025-09-03 11:10:16', '2025-09-03 11:10:16'),
(201, 37, 29, 64, '2025', 5, 'active', '2025-09-03 11:10:21', '2025-09-03 11:10:21'),
(204, 40, 13, 78, '2025', 3, 'active', '2025-09-03 13:45:15', '2025-09-03 13:45:15'),
(206, 38, 18, 81, '2025', 1, 'active', '2025-09-04 09:09:40', '2025-09-04 09:09:40'),
(207, 39, 18, 81, '2025', 1, 'active', '2025-09-04 09:09:43', '2025-09-04 09:09:43'),
(208, 40, 18, 81, '2025', 1, 'active', '2025-09-04 09:09:46', '2025-09-04 09:09:46'),
(209, 41, 18, 81, '2025', 1, 'active', '2025-09-04 09:09:50', '2025-09-04 09:09:50'),
(210, 42, 18, 81, '2025', 1, 'active', '2025-09-04 09:09:53', '2025-09-04 09:09:53'),
(211, 43, 18, 81, '2025', 1, 'active', '2025-09-04 09:09:55', '2025-09-04 09:09:55'),
(212, 29, 18, 71, '2025', 1, 'active', '2025-09-04 09:13:09', '2025-09-04 09:13:09'),
(213, 30, 18, 71, '2025', 1, 'active', '2025-09-04 09:13:13', '2025-09-04 09:13:13'),
(214, 31, 18, 71, '2025', 1, 'active', '2025-09-04 09:13:51', '2025-09-04 09:13:51'),
(215, 32, 18, 71, '2025', 1, 'active', '2025-09-04 09:13:55', '2025-09-04 09:13:55'),
(216, 33, 18, 71, '2025', 1, 'active', '2025-09-04 09:13:59', '2025-09-04 09:13:59'),
(217, 34, 18, 71, '2025', 1, 'active', '2025-09-04 09:14:05', '2025-09-04 09:14:05'),
(218, 35, 18, 71, '2025', 1, 'active', '2025-09-04 09:14:10', '2025-09-04 09:14:10'),
(219, 36, 18, 71, '2025', 1, 'active', '2025-09-04 09:14:16', '2025-09-04 09:14:16'),
(220, 37, 18, 71, '2025', 1, 'active', '2025-09-04 09:14:20', '2025-09-04 09:14:20'),
(221, 29, 11, 62, '2025', 6, 'active', '2025-09-07 11:40:26', '2025-09-07 11:40:26');

-- --------------------------------------------------------

--
-- Table structure for table `users`
--

CREATE TABLE `users` (
  `user_id` int NOT NULL,
  `username` varchar(255) DEFAULT NULL,
  `password` varchar(255) DEFAULT NULL,
  `role_id` int DEFAULT NULL,
  `firstname` varchar(255) DEFAULT NULL,
  `father_name` varchar(255) DEFAULT NULL,
  `lastname` varchar(255) DEFAULT NULL,
  `email` varchar(255) DEFAULT NULL,
  `phone` varchar(255) DEFAULT NULL,
  `status` varchar(50) DEFAULT NULL,
  `salary` decimal(10,2) DEFAULT NULL,
  `gender` varchar(50) DEFAULT NULL,
  `blood_group` enum('A+','A-','B+','B-','AB+','AB-','O+','O-') DEFAULT NULL,
  `date_of_birth` date DEFAULT NULL,
  `education_major` varchar(150) DEFAULT NULL,
  `education_grade` varchar(100) DEFAULT NULL,
  `start_contract_date` date DEFAULT NULL,
  `end_contract_date` date DEFAULT NULL,
  `tax` decimal(10,2) DEFAULT '0.00',
  `guarantee_money` decimal(10,2) DEFAULT '0.00',
  `user_document` varchar(255) DEFAULT NULL,
  `national_id` varchar(255) DEFAULT NULL,
  `profile_pic` varchar(255) DEFAULT NULL,
  `branch_id` int DEFAULT NULL,
  `user_code` varchar(10) DEFAULT NULL,
  `shift` enum('morning','afternoon','evening','full time') NOT NULL DEFAULT 'morning',
  `created_at` datetime NOT NULL DEFAULT CURRENT_TIMESTAMP,
  `tin_number` int DEFAULT NULL,
  `marital_status` enum('single','maried','divorced','widowed') DEFAULT NULL
) ENGINE=InnoDB DEFAULT CHARSET=utf8mb4 COLLATE=utf8mb4_unicode_ci;

--
-- Dumping data for table `users`
--

INSERT INTO `users` (`user_id`, `username`, `password`, `role_id`, `firstname`, `father_name`, `lastname`, `email`, `phone`, `status`, `salary`, `gender`, `blood_group`, `date_of_birth`, `education_major`, `education_grade`, `start_contract_date`, `end_contract_date`, `tax`, `guarantee_money`, `user_document`, `national_id`, `profile_pic`, `branch_id`, `user_code`, `shift`, `created_at`, `tin_number`, `marital_status`) VALUES
(1, 'admin_user', '$2b$10$nlkuSJVLJA.bR/nxFyiOWOvGmQFKzm8c.zL2.kT9Vf8M78Isij706', 1, 'Ali', 'Omar', 'Nawabi', 'ali@gmail.com', '0700000000', 'active', 50000.00, 'male', NULL, NULL, NULL, NULL, NULL, NULL, 0.00, 0.00, '25-001', 'AF123456', '1755615414069.png', 1, '25-001', 'full time', '2025-08-28 19:21:29', NULL, NULL),
(2, 'finance_user', '$2b$10$nlkuSJVLJA.bR/nxFyiOWOvGmQFKzm8c.zL2.kT9Vf8M78Isij706', 10, 'Sara', 'Rahim', 'Ahmadi', 'sara@gmail.com', '0700000001', 'active', 30000.00, 'female', NULL, NULL, NULL, NULL, NULL, NULL, 3650.00, 20000.00, '25-002', 'AF123457', '1755619541982.png', 1, '25-002', 'evening', '2025-08-28 19:21:29', NULL, NULL),
(4, 'Ahmad_Zadran', '$2b$10$xMZqZ.K/l/Oa.gnwl1q2o.6HX8DsbyOi1aKe4nJYPPe68jKSwV6fu', 3, 'Ahmad', 'Karim', 'Zadran', 'admin@gmail.com', '0766420878', 'active', 50000.00, 'male', 'AB+', '2018-09-08', 'BCS', '12th Graduated', '2025-09-09', '2026-09-09', 3647.00, 19998.00, '25-004', '23123123', '1756729202018.jpg', 1, '25-004', 'afternoon', '2025-08-28 19:21:29', 723475298, 'single'),
(5, 'Shafi Azizi', '$2b$10$D4E87PFsOBZkey1vczcq1.BfiT08orEv2zzwIHYDGzuKgizVn0SuW', 5, 'Shafi', 'Noor', 'Azizi', 'hr@gmail.com', '0799123456', 'active', 12000.00, 'male', NULL, NULL, NULL, NULL, NULL, NULL, 0.00, 0.00, '25-005', '123-456-789', '1756623468693.jpg', 1, '25-005', 'full time', '2025-08-28 19:21:29', NULL, NULL),
(56, 'dabemato', '$2b$10$bNjeW01GcS23zLqaOV6Qxu6XRYo.u3apKGPSX1ePDcgQVTzW/gHxG', 4, 'Autumn', 'Melanie Bryant', 'Cummings', 'qadovoke@mailinator.com', '+1 (713) 174-6839', 'deleted', 15.00, 'male', 'AB+', '1984-02-09', 'Magni lorem consecte', '12th Graduated', '1974-02-08', '2015-06-04', 64.00, 31.00, '25-006', '123123123', '1756722227067.png', 1, '25-006', 'morning', '2025-09-01 14:53:47', 234234236, 'single'),
(57, 'vexacydela', '$2b$10$dlhZTA9A7VgO8M7KjyPT3eAd2bt0fhdfsWxxoVQftRKagzV2x9lii', 7, 'Arsenio', 'Dominique Mack', 'Vincent', 'sezujo@mailinator.com', '+1 (235) 195-7913', 'active', 10000.00, 'female', 'AB-', '1981-10-14', 'Ea quo necessitatibu', 'Bacholar', '1990-02-05', '1985-10-31', 92.00, 7000.00, '25-007', '123123123', '1757948450853.png', 1, '25-007', 'morning', '2025-09-01 16:17:19', 51981, 'maried'),
(58, 'qaqale', '$2b$10$qQbs06Rk/rTWPwuYXqOoL.6Ody7Rxv1xuH46PDILvXxFlrEtccLQe', 3, 'Michael', 'Alfreda Harper', 'Patrick', 'sirehaqu@mailinator.com', '+1 (345) 626-2256', 'deleted', 8000.00, 'other', 'B+', '2005-06-21', 'Distinctio Excepteu', 'Bacholar', '2009-06-01', '2017-08-23', 23.00, 4000.00, '25-008', '123123123', '1756728309174.png', 1, '25-008', 'morning', '2025-09-01 16:35:09', 329, 'maried'),
(59, 'tifoni', '$2b$10$frDWPWraq9fK2O9Oj8FnxORUCq1omiXSAIww8rqeA5ivwtYsoCngy', 3, 'Maxwell', 'Leigh Valentine', 'Calhoun', 'comywazyp@mailinator.com', '+1 (797) 453-8738', 'active', 400.00, 'male', 'AB+', '2004-10-18', 'Commodo esse dolore ', '12th Graduated', '2017-07-28', '1984-08-01', 43.00, 14.00, '25-009', '12345678', '1756728458681.jpg', 1, '25-009', 'morning', '2025-09-01 16:37:39', 824, 'widowed'),
(60, 'wihem', '$2b$10$9/MFovt16OK91EBV6qCzmeosTOtlfeLcwt7wQimLqzuC.26iQiY9.', 6, 'Neve', 'Kenyon Clarke', 'Bonner', 'dywykarura@mailinator.com', '+1 (967) 563-8928', 'active', 10000.00, 'male', 'AB+', '1983-02-10', 'Voluptatem Elit du', 'Bacholar', '2019-09-21', '1977-02-25', 200.00, 8000.00, '25-010', '123123123', '1757948104700.png', 1, '25-010', 'morning', '2025-09-01 16:43:32', 543232, 'maried'),
(62, 'Masooda', '$2b$10$vOQ5w7UuQN63sjbLKNxdWuHYL6EBB2nmpRdmiij30zWK5mQ4vWytO', 4, 'Masooda', 'Pascale Juarez', ' ', 'nonebujijo@mailinator.com', '+1 (271) 285-8009', 'active', 85.00, 'female', 'O-', '1970-02-09', 'Laboriosam deleniti', 'PHD', '1949-03-20', '1970-04-22', 41.00, 17.00, '25-012', '123456', '1756891539042.jpg', 1, '25-012', 'morning', '2025-09-03 13:55:39', 741, 'widowed'),
(63, 'Mozhda Said', '$2b$10$5/zfoUdLU/lRzEJDk.UY/eHg3xA3sDygu.NJ4cy0.Bxkh/ib03tI.', 4, 'Mozhda', 'Brock Terrell', 'Said', 'besapaw@mailinator.com', '+1 (367) 427-1558', 'active', 30.00, 'other', 'B+', '1970-01-07', 'Deserunt quis ullamc', 'Under Graduated', '1995-10-02', '2000-03-22', 36.00, 25.00, '25-013', '123457', '1756891582943.jpg', 1, '25-013', 'morning', '2025-09-03 13:56:23', 632, 'widowed'),
(64, 'Soria Ghani', '$2b$10$xzhmt.bRsZ67VNxRqBSdSOo.vRdW9SbEOyGqQi1e5zQrgY4z1ijY2', 4, 'Soria', 'Myles Reese', 'Ghani', 'gaqygaly@mailinator.com', '+1 (491) 279-6879', 'active', 36.00, 'other', 'AB+', '1997-04-10', 'Dolores aperiam dolo', 'Master', '1973-09-22', '1970-03-08', 47.00, 5.00, '25-014', '123458', '1756891756031.jpg', 1, '25-014', 'morning', '2025-09-03 13:59:16', 654, 'maried'),
(65, 'Safia Mohamadi', '$2b$10$VzN3VNaoVRza4B2YWBAV6.MJX1F64Seurs8u.rZNE0f1jaNrK15Ae', 4, 'Safia', 'Karly Gentry', 'Mohamadi', 'momyfilys@mailinator.com', '+1 (161) 689-3653', 'active', 1.00, 'other', 'A-', '2019-08-03', 'Culpa molestiae temp', 'Bacholar', '1988-04-02', '2002-04-07', 75.00, 21.00, '25-015', '123459', '1756891789740.jpg', 1, '25-015', 'morning', '2025-09-03 13:59:50', 97, 'divorced'),
(66, 'zahra.nail', '$2b$10$xMZqZ.K/l/Oa.gnwl1q2o.6HX8DsbyOi1aKe4nJYPPe68jKSwV6fu', 4, 'Zahra', 'Nail', '', 'zahra.nail@example.com', '070000001', 'active', 500.00, 'female', 'A+', '1990-01-01', 'Education', 'Bachelor', '2025-01-01', '2026-01-01', 0.00, 0.00, NULL, '100001', NULL, 1, '25-016', 'morning', '2025-09-03 14:09:22', NULL, 'single'),
(67, 'najila.sarwary', '$2b$10$xMZqZ.K/l/Oa.gnwl1q2o.6HX8DsbyOi1aKe4nJYPPe68jKSwV6fu', 4, 'Najila', 'Sarwary', '', 'najila.sarwary@example.com', '070000002', 'active', 500.00, 'female', 'B+', '1991-02-02', 'Education', 'Bachelor', '2025-01-01', '2026-01-01', 0.00, 0.00, NULL, '100002', NULL, 1, '25-017', 'morning', '2025-09-03 14:09:22', NULL, 'single'),
(68, 'afifa.akbari', '$2b$10$xMZqZ.K/l/Oa.gnwl1q2o.6HX8DsbyOi1aKe4nJYPPe68jKSwV6fu', 4, 'Afifa', 'Akbari', '', 'afifa.akbari@example.com', '070000003', 'active', 500.00, 'female', 'O+', '1992-03-03', 'Education', 'Bachelor', '2025-01-01', '2026-01-01', 0.00, 0.00, NULL, '100003', NULL, 1, '25-018', 'morning', '2025-09-03 14:09:22', NULL, 'single'),
(69, 'razia.akbari', '$2b$10$xMZqZ.K/l/Oa.gnwl1q2o.6HX8DsbyOi1aKe4nJYPPe68jKSwV6fu', 4, 'Razia', 'Akbari', '', 'razia.akbari@example.com', '070000004', 'active', 500.00, 'female', 'AB+', '1993-04-04', 'Education', 'Bachelor', '2025-01-01', '2026-01-01', 0.00, 0.00, NULL, '100004', NULL, 1, '25-019', 'morning', '2025-09-03 14:09:22', NULL, 'single'),
(70, 'madina.azimi', '$2b$10$xMZqZ.K/l/Oa.gnwl1q2o.6HX8DsbyOi1aKe4nJYPPe68jKSwV6fu', 4, 'Madina', 'Azimi', '', 'madina.azimi@example.com', '070000005', 'active', 500.00, 'female', 'A+', '1994-05-05', 'Education', 'Bachelor', '2025-01-01', '2026-01-01', 0.00, 0.00, NULL, '100005', NULL, 1, '25-020', 'morning', '2025-09-03 14:09:22', NULL, 'single'),
(71, 'husa.yaqubi', '$2b$10$xMZqZ.K/l/Oa.gnwl1q2o.6HX8DsbyOi1aKe4nJYPPe68jKSwV6fu', 4, 'Husa', 'Yaqubi', '', 'husa.yaqubi@example.com', '070000006', 'active', 500.00, 'female', 'B+', '1995-06-06', 'Education', 'Bachelor', '2025-01-01', '2026-01-01', 100.00, 4000.00, NULL, '100006', NULL, 1, '25-021', 'morning', '2025-09-03 14:09:22', NULL, 'single'),
(72, 'aysha.khorami', '$2b$10$xMZqZ.K/l/Oa.gnwl1q2o.6HX8DsbyOi1aKe4nJYPPe68jKSwV6fu', 4, 'Aysha', 'Khorami', '', 'aysha.khorami@example.com', '070000007', 'active', 500.00, 'female', 'O+', '1996-07-07', 'Education', 'Bachelor', '2025-01-01', '2026-01-01', 0.00, 0.00, NULL, '100007', NULL, 1, '25-022', 'morning', '2025-09-03 14:09:22', NULL, 'single'),
(73, 'zainab.nail', '$2b$10$xMZqZ.K/l/Oa.gnwl1q2o.6HX8DsbyOi1aKe4nJYPPe68jKSwV6fu', 4, 'Zainab', 'Nail', '', 'zainab.nail@example.com', '070000008', 'active', 500.00, 'female', 'AB+', '1997-08-08', 'Education', 'Bachelor', '2025-01-01', '2026-01-01', 0.00, 0.00, NULL, '100008', NULL, 1, '25-023', 'morning', '2025-09-03 14:09:22', NULL, 'single'),
(74, 'ansarullah.latif', '$2b$10$xMZqZ.K/l/Oa.gnwl1q2o.6HX8DsbyOi1aKe4nJYPPe68jKSwV6fu', 4, 'Ansarullah', 'Latif', '', 'ansarullah.latif@example.com', '070000009', 'active', 500.00, 'male', 'A+', '1988-09-09', 'Education', 'Bachelor', '2025-01-01', '2026-01-01', 0.00, 0.00, NULL, '100009', NULL, 1, '25-024', 'morning', '2025-09-03 14:09:22', NULL, 'single'),
(75, 'qahraman.mirkhail', '$2b$10$xMZqZ.K/l/Oa.gnwl1q2o.6HX8DsbyOi1aKe4nJYPPe68jKSwV6fu', 4, 'Qahraman', 'Mirkhail', '', 'qahraman.mirkhail@example.com', '070000010', 'active', 500.00, 'female', 'B+', '1989-10-10', 'Education', 'Bachelor', '2025-01-01', '2026-01-01', 0.00, 0.00, NULL, '100010', NULL, 1, '25-025', 'morning', '2025-09-03 14:09:22', NULL, 'single'),
(76, 'm.shershah', '$2b$10$xMZqZ.K/l/Oa.gnwl1q2o.6HX8DsbyOi1aKe4nJYPPe68jKSwV6fu', 4, 'M.Shershah', 'Shershah', '', 'm.shershah@example.com', '070000011', 'active', 500.00, 'female', 'O+', '1990-11-11', 'Education', 'Bachelor', '2025-01-01', '2026-01-01', 0.00, 0.00, NULL, '100011', NULL, 1, '25-026', 'morning', '2025-09-03 14:09:22', NULL, 'single'),
(77, 'm.mansoor', '$2b$10$xMZqZ.K/l/Oa.gnwl1q2o.6HX8DsbyOi1aKe4nJYPPe68jKSwV6fu', 4, 'M.Mansoor', 'Mansoor', '', 'm.mansoor@example.com', '070000012', 'active', 500.00, 'male', 'AB+', '1991-12-12', 'Education', 'Bachelor', '2025-01-01', '2026-01-01', 0.00, 0.00, NULL, '100012', NULL, 1, '25-027', 'morning', '2025-09-03 14:09:22', NULL, 'single'),
(78, 'marhabah.mosamim', '$2b$10$xMZqZ.K/l/Oa.gnwl1q2o.6HX8DsbyOi1aKe4nJYPPe68jKSwV6fu', 4, 'Marhabah', 'Mosamim', '', 'marhabah.mosamim@example.com', '070000013', 'active', 500.00, 'male', 'A+', '1992-01-05', 'Education', 'Bachelor', '2025-01-01', '2026-01-01', 0.00, 0.00, NULL, '100013', NULL, 1, '25-028', 'morning', '2025-09-03 14:09:22', NULL, 'single'),
(79, 'habibullah.husaini', '$2b$10$xMZqZ.K/l/Oa.gnwl1q2o.6HX8DsbyOi1aKe4nJYPPe68jKSwV6fu', 4, 'Habibullah', 'Husaini', '', 'habibullah.husaini@example.com', '070000014', 'active', 500.00, 'male', 'B+', '1993-02-06', 'Education', 'Bachelor', '2025-01-01', '2026-01-01', 0.00, 0.00, NULL, '100014', NULL, 1, '25-029', 'morning', '2025-09-03 14:09:22', NULL, 'single'),
(80, 'said.edris', '$2b$10$xMZqZ.K/l/Oa.gnwl1q2o.6HX8DsbyOi1aKe4nJYPPe68jKSwV6fu', 4, 'Said', 'Edris', '', 'said.edris@example.com', '070000015', 'active', 500.00, 'male', 'O+', '1994-03-07', 'Education', 'Bachelor', '2025-01-01', '2026-01-01', 0.00, 0.00, NULL, '100015', NULL, 1, '25-030', 'morning', '2025-09-03 14:09:22', NULL, 'single'),
(81, 'dawood', '$2b$10$xMZqZ.K/l/Oa.gnwl1q2o.6HX8DsbyOi1aKe4nJYPPe68jKSwV6fu', 4, 'Dawood', '', '', 'dawood@example.com', '070000016', 'active', 500.00, 'male', 'AB+', '1995-04-08', 'Education', 'Bachelor', '2025-01-01', '2026-01-01', 0.00, 0.00, NULL, '100016', NULL, 1, '25-031', 'morning', '2025-09-03 14:09:22', NULL, 'single'),
(82, 'dyjyhileq', '$2b$10$NyE972dqW9dWEOQ4bZHySuWR0sU0tA.zknFALdwNUhBFmazmzhyhm', 3, 'Neil', 'Arsenio Mcfarland', 'Joyner', 'wofeharoso@mailinator.com', '+1 (416) 431-7482', 'active', 66.00, 'female', 'A-', '1989-05-17', 'In deserunt fugit m', 'Bacholar', '2006-06-16', '2011-10-29', 18.00, 0.00, '25-032', '123456', '1757761789513.png', 1, '25-032', 'morning', '2025-09-13 15:39:50', 803, 'maried'),
(83, 'Shah Mahmod', '$2b$10$62u5ZEHZE66jlvzkj/r1j.b0DNq.wPw20QT4dWbspMDo4dqwCC/YO', 4, 'Shah', 'Khan', 'Ban', 'shah@gmail.com', '234789876', 'active', 9000.00, 'male', 'A+', '1994-06-09', 'BCS', 'Bacholar', '2025-09-14', '2026-09-14', 80.00, 9000.00, '25-033', '7862837468', '1757846698219.png', 1, '25-033', 'morning', '2025-09-14 15:14:58', 87623874, 'divorced'),
(84, 'Samim Jan', '$2b$10$UBAXT3ZxwkRfuGuMrxnHCeqzyDk5xY18.UYZm/H0ACd15XvR6jLf6', 10, 'Samim', 'Khan', 'Azimi', 'samim@gmail.com', '123456789', 'active', 12000.00, 'male', 'B+', '2000-07-19', 'Finance', 'Bacholar', '2025-09-15', '2026-09-15', 500.00, 10000.00, '25-034', '2345-9234-342', '1757947424718.jpg', 1, '25-034', 'morning', '2025-09-15 19:13:44', 573628463, 'maried'),
(85, 'خیرالله', '$2b$10$.v70UEOVo/Kqt7MgObVOFeJknESWuDh4xCFJmJ9ayZwtpJ6tEAEca', 7, 'Conan', 'Dustin Bond', 'Byers', 'tinetixuge@mailinator.com', '+1 (642) 197-8811', 'inactive', 6000.00, 'male', 'O-', '0733-04-03', 'Ipsam sunt architect', 'Bacholar', '0783-04-03', '0784-04-03', 72.00, 4000.00, '25-035', '3234-432-4321', '1758001804669.PNG', 1, '25-035', 'morning', '2025-09-16 10:20:04', 581, 'maried'),
(86, 'nafuh', '$2b$10$bXrTcPJXUaHz0bVNaducJ..RH7VjxaTtBE/bYiGuyV3YJ/IHWYIOm', 7, 'Imogene', 'Karen Sparks', 'Alexander', 'nibyxyka@mailinator.com', '+1 (584) 743-1545', 'deleted', 15000.00, 'female', 'B+', '1977-09-12', 'Aut obcaecati eos a', '12th Graduated', '2025-09-16', '2027-09-21', 28.00, 1000.00, '25-036', '324234234', '1758004333648.jpg', 1, '25-036', 'morning', '2025-09-16 11:02:13', 84832, 'divorced');

-- --------------------------------------------------------

--
-- Table structure for table `visitors`
--

CREATE TABLE `visitors` (
  `visitor_id` int NOT NULL,
  `name` varchar(255) DEFAULT NULL,
  `father_name` varchar(255) DEFAULT NULL,
  `contact_info` varchar(255) DEFAULT NULL,
  `purpose` varchar(255) DEFAULT NULL,
  `visitor_user_id` int DEFAULT NULL,
  `visited_at` datetime DEFAULT NULL
) ENGINE=InnoDB DEFAULT CHARSET=utf8mb4 COLLATE=utf8mb4_unicode_ci;

--
-- Dumping data for table `visitors`
--

INSERT INTO `visitors` (`visitor_id`, `name`, `father_name`, `contact_info`, `purpose`, `visitor_user_id`, `visited_at`) VALUES
(1, 'Nasir', 'Rahim', '0700000022', 'Student inquiry', 1, '2025-08-04 15:51:51');

--
-- Indexes for dumped tables
--

--
-- Indexes for table `addresses`
--
ALTER TABLE `addresses`
  ADD PRIMARY KEY (`address_id`),
  ADD KEY `user_id` (`user_id`);

--
-- Indexes for table `branch`
--
ALTER TABLE `branch`
  ADD PRIMARY KEY (`branch_id`);

--
-- Indexes for table `classes`
--
ALTER TABLE `classes`
  ADD PRIMARY KEY (`class_id`),
  ADD UNIQUE KEY `class_code` (`class_code`);

--
-- Indexes for table `class_students`
--
ALTER TABLE `class_students`
  ADD PRIMARY KEY (`id`),
  ADD KEY `student_id` (`student_id`),
  ADD KEY `class_id` (`class_id`);

--
-- Indexes for table `class_teachers`
--
ALTER TABLE `class_teachers`
  ADD PRIMARY KEY (`id`),
  ADD UNIQUE KEY `unique_class_year` (`class_id`,`academic_year`),
  ADD KEY `teacher_id` (`teacher_id`);

--
-- Indexes for table `committee`
--
ALTER TABLE `committee`
  ADD PRIMARY KEY (`committee_id`),
  ADD KEY `committee_user_id` (`committee_user_id`);

--
-- Indexes for table `emp_attendance`
--
ALTER TABLE `emp_attendance`
  ADD PRIMARY KEY (`attendance_id`),
  ADD UNIQUE KEY `unique_attendance` (`user_id`,`attendance_date`),
  ADD KEY `recorded_by` (`recorded_by`);

--
-- Indexes for table `expense`
--
ALTER TABLE `expense`
  ADD PRIMARY KEY (`expanse_id`),
  ADD KEY `expanse_user_id` (`expanse_user_id`);

--
-- Indexes for table `logs`
--
ALTER TABLE `logs`
  ADD PRIMARY KEY (`log_id`),
  ADD KEY `user_id` (`user_id`);

--
-- Indexes for table `marks`
--
ALTER TABLE `marks`
  ADD PRIMARY KEY (`mark_id`),
  ADD KEY `student_id` (`student_id`),
  ADD KEY `subject_id` (`subject_id`);

--
-- Indexes for table `notifications`
--
ALTER TABLE `notifications`
  ADD PRIMARY KEY (`notification_id`),
  ADD KEY `created_by` (`created_by`);

--
-- Indexes for table `payment_type`
--
ALTER TABLE `payment_type`
  ADD PRIMARY KEY (`payment_type_id`);

--
-- Indexes for table `roles`
--
ALTER TABLE `roles`
  ADD PRIMARY KEY (`role_id`);

--
-- Indexes for table `salary_payment`
--
ALTER TABLE `salary_payment`
  ADD PRIMARY KEY (`salary_id`),
  ADD KEY `user_id` (`paid_by`),
  ADD KEY `fk_salary_passed_by` (`passed_by`),
  ADD KEY `fk_salary_user_id` (`user_id`);

--
-- Indexes for table `std_attendance`
--
ALTER TABLE `std_attendance`
  ADD PRIMARY KEY (`attendance_id`),
  ADD KEY `student_id` (`student_id`),
  ADD KEY `class_id` (`class_id`),
  ADD KEY `teacher_id` (`teacher_id`);

--
-- Indexes for table `students`
--
ALTER TABLE `students`
  ADD PRIMARY KEY (`student_id`),
  ADD KEY `user_id` (`user_id`);

--
-- Indexes for table `student_payment`
--
ALTER TABLE `student_payment`
  ADD PRIMARY KEY (`payment_id`),
  ADD KEY `student_id` (`student_id`),
  ADD KEY `payment_type` (`payment_type`),
  ADD KEY `student_payment_user` (`student_payment_user`);

--
-- Indexes for table `subjects`
--
ALTER TABLE `subjects`
  ADD PRIMARY KEY (`subject_id`);

--
-- Indexes for table `themes`
--
ALTER TABLE `themes`
  ADD PRIMARY KEY (`theme_id`),
  ADD KEY `updated_by` (`updated_by`);

--
-- Indexes for table `timetable`
--
ALTER TABLE `timetable`
  ADD PRIMARY KEY (`timetable_id`),
  ADD UNIQUE KEY `uq_class_period` (`class_id`,`subject_id`,`academic_year`),
  ADD KEY `subject_id` (`subject_id`),
  ADD KEY `teacher_id` (`teacher_id`);

--
-- Indexes for table `users`
--
ALTER TABLE `users`
  ADD PRIMARY KEY (`user_id`),
  ADD KEY `role_id` (`role_id`),
  ADD KEY `branch_id` (`branch_id`);

--
-- Indexes for table `visitors`
--
ALTER TABLE `visitors`
  ADD PRIMARY KEY (`visitor_id`),
  ADD KEY `visitor_user_id` (`visitor_user_id`);

--
-- AUTO_INCREMENT for dumped tables
--

--
-- AUTO_INCREMENT for table `addresses`
--
ALTER TABLE `addresses`
  MODIFY `address_id` int NOT NULL AUTO_INCREMENT, AUTO_INCREMENT=51;

--
-- AUTO_INCREMENT for table `branch`
--
ALTER TABLE `branch`
  MODIFY `branch_id` int NOT NULL AUTO_INCREMENT, AUTO_INCREMENT=3;

--
-- AUTO_INCREMENT for table `classes`
--
ALTER TABLE `classes`
  MODIFY `class_id` int NOT NULL AUTO_INCREMENT, AUTO_INCREMENT=52;

--
-- AUTO_INCREMENT for table `class_students`
--
ALTER TABLE `class_students`
  MODIFY `id` int NOT NULL AUTO_INCREMENT, AUTO_INCREMENT=144;

--
-- AUTO_INCREMENT for table `class_teachers`
--
ALTER TABLE `class_teachers`
  MODIFY `id` int NOT NULL AUTO_INCREMENT, AUTO_INCREMENT=20;

--
-- AUTO_INCREMENT for table `committee`
--
ALTER TABLE `committee`
  MODIFY `committee_id` int NOT NULL AUTO_INCREMENT, AUTO_INCREMENT=2;

--
-- AUTO_INCREMENT for table `emp_attendance`
--
ALTER TABLE `emp_attendance`
  MODIFY `attendance_id` int NOT NULL AUTO_INCREMENT, AUTO_INCREMENT=387;

--
-- AUTO_INCREMENT for table `expense`
--
ALTER TABLE `expense`
  MODIFY `expanse_id` int NOT NULL AUTO_INCREMENT, AUTO_INCREMENT=2;

--
-- AUTO_INCREMENT for table `logs`
--
ALTER TABLE `logs`
  MODIFY `log_id` int NOT NULL AUTO_INCREMENT, AUTO_INCREMENT=307;

--
-- AUTO_INCREMENT for table `marks`
--
ALTER TABLE `marks`
  MODIFY `mark_id` int NOT NULL AUTO_INCREMENT, AUTO_INCREMENT=2;

--
-- AUTO_INCREMENT for table `notifications`
--
ALTER TABLE `notifications`
  MODIFY `notification_id` int NOT NULL AUTO_INCREMENT, AUTO_INCREMENT=3;

--
-- AUTO_INCREMENT for table `payment_type`
--
ALTER TABLE `payment_type`
  MODIFY `payment_type_id` int NOT NULL AUTO_INCREMENT, AUTO_INCREMENT=3;

--
-- AUTO_INCREMENT for table `roles`
--
ALTER TABLE `roles`
  MODIFY `role_id` int NOT NULL AUTO_INCREMENT, AUTO_INCREMENT=11;

--
-- AUTO_INCREMENT for table `salary_payment`
--
ALTER TABLE `salary_payment`
  MODIFY `salary_id` int NOT NULL AUTO_INCREMENT, AUTO_INCREMENT=12;

--
-- AUTO_INCREMENT for table `std_attendance`
--
ALTER TABLE `std_attendance`
  MODIFY `attendance_id` int NOT NULL AUTO_INCREMENT, AUTO_INCREMENT=53;

--
-- AUTO_INCREMENT for table `students`
--
ALTER TABLE `students`
  MODIFY `student_id` int NOT NULL AUTO_INCREMENT, AUTO_INCREMENT=50;

--
-- AUTO_INCREMENT for table `student_payment`
--
ALTER TABLE `student_payment`
  MODIFY `payment_id` int NOT NULL AUTO_INCREMENT, AUTO_INCREMENT=2;

--
-- AUTO_INCREMENT for table `subjects`
--
ALTER TABLE `subjects`
  MODIFY `subject_id` int NOT NULL AUTO_INCREMENT, AUTO_INCREMENT=39;

--
-- AUTO_INCREMENT for table `themes`
--
ALTER TABLE `themes`
  MODIFY `theme_id` int NOT NULL AUTO_INCREMENT, AUTO_INCREMENT=2;

--
-- AUTO_INCREMENT for table `timetable`
--
ALTER TABLE `timetable`
  MODIFY `timetable_id` int NOT NULL AUTO_INCREMENT, AUTO_INCREMENT=233;

--
-- AUTO_INCREMENT for table `users`
--
ALTER TABLE `users`
  MODIFY `user_id` int NOT NULL AUTO_INCREMENT, AUTO_INCREMENT=87;

--
-- AUTO_INCREMENT for table `visitors`
--
ALTER TABLE `visitors`
  MODIFY `visitor_id` int NOT NULL AUTO_INCREMENT, AUTO_INCREMENT=2;

--
-- Constraints for dumped tables
--

--
-- Constraints for table `addresses`
--
ALTER TABLE `addresses`
  ADD CONSTRAINT `addresses_ibfk_1` FOREIGN KEY (`user_id`) REFERENCES `users` (`user_id`);

--
-- Constraints for table `class_students`
--
ALTER TABLE `class_students`
  ADD CONSTRAINT `class_students_ibfk_1` FOREIGN KEY (`student_id`) REFERENCES `students` (`student_id`) ON DELETE CASCADE,
  ADD CONSTRAINT `class_students_ibfk_2` FOREIGN KEY (`class_id`) REFERENCES `classes` (`class_id`) ON DELETE CASCADE;

--
-- Constraints for table `class_teachers`
--
ALTER TABLE `class_teachers`
  ADD CONSTRAINT `class_teachers_ibfk_1` FOREIGN KEY (`class_id`) REFERENCES `classes` (`class_id`),
  ADD CONSTRAINT `class_teachers_ibfk_2` FOREIGN KEY (`teacher_id`) REFERENCES `users` (`user_id`);

--
-- Constraints for table `committee`
--
ALTER TABLE `committee`
  ADD CONSTRAINT `committee_ibfk_1` FOREIGN KEY (`committee_user_id`) REFERENCES `users` (`user_id`);

--
-- Constraints for table `emp_attendance`
--
ALTER TABLE `emp_attendance`
  ADD CONSTRAINT `emp_attendance_ibfk_1` FOREIGN KEY (`user_id`) REFERENCES `users` (`user_id`) ON DELETE CASCADE ON UPDATE CASCADE,
  ADD CONSTRAINT `emp_attendance_ibfk_2` FOREIGN KEY (`recorded_by`) REFERENCES `users` (`user_id`) ON DELETE SET NULL ON UPDATE CASCADE;

--
-- Constraints for table `expense`
--
ALTER TABLE `expense`
  ADD CONSTRAINT `expense_ibfk_1` FOREIGN KEY (`expanse_user_id`) REFERENCES `users` (`user_id`);

--
-- Constraints for table `logs`
--
ALTER TABLE `logs`
  ADD CONSTRAINT `logs_ibfk_1` FOREIGN KEY (`user_id`) REFERENCES `users` (`user_id`);

--
-- Constraints for table `marks`
--
ALTER TABLE `marks`
  ADD CONSTRAINT `marks_ibfk_1` FOREIGN KEY (`student_id`) REFERENCES `students` (`student_id`),
  ADD CONSTRAINT `marks_ibfk_2` FOREIGN KEY (`subject_id`) REFERENCES `subjects` (`subject_id`);

--
-- Constraints for table `notifications`
--
ALTER TABLE `notifications`
  ADD CONSTRAINT `notifications_ibfk_1` FOREIGN KEY (`created_by`) REFERENCES `users` (`user_id`);

--
-- Constraints for table `salary_payment`
--
ALTER TABLE `salary_payment`
  ADD CONSTRAINT `fk_salary_passed_by` FOREIGN KEY (`passed_by`) REFERENCES `users` (`user_id`),
  ADD CONSTRAINT `fk_salary_user_id` FOREIGN KEY (`user_id`) REFERENCES `users` (`user_id`) ON DELETE CASCADE,
  ADD CONSTRAINT `salary_payment_ibfk_1` FOREIGN KEY (`paid_by`) REFERENCES `users` (`user_id`);

--
-- Constraints for table `std_attendance`
--
ALTER TABLE `std_attendance`
  ADD CONSTRAINT `std_attendance_ibfk_1` FOREIGN KEY (`student_id`) REFERENCES `students` (`student_id`),
  ADD CONSTRAINT `std_attendance_ibfk_2` FOREIGN KEY (`class_id`) REFERENCES `classes` (`class_id`),
  ADD CONSTRAINT `std_attendance_ibfk_3` FOREIGN KEY (`teacher_id`) REFERENCES `users` (`user_id`);

--
-- Constraints for table `students`
--
ALTER TABLE `students`
  ADD CONSTRAINT `students_ibfk_2` FOREIGN KEY (`user_id`) REFERENCES `users` (`user_id`);

--
-- Constraints for table `student_payment`
--
ALTER TABLE `student_payment`
  ADD CONSTRAINT `student_payment_ibfk_1` FOREIGN KEY (`student_id`) REFERENCES `students` (`student_id`),
  ADD CONSTRAINT `student_payment_ibfk_2` FOREIGN KEY (`payment_type`) REFERENCES `payment_type` (`payment_type_id`),
  ADD CONSTRAINT `student_payment_ibfk_3` FOREIGN KEY (`student_payment_user`) REFERENCES `users` (`user_id`);

--
-- Constraints for table `themes`
--
ALTER TABLE `themes`
  ADD CONSTRAINT `themes_ibfk_1` FOREIGN KEY (`updated_by`) REFERENCES `users` (`user_id`);

--
-- Constraints for table `timetable`
--
ALTER TABLE `timetable`
  ADD CONSTRAINT `timetable_ibfk_1` FOREIGN KEY (`class_id`) REFERENCES `classes` (`class_id`) ON DELETE CASCADE,
  ADD CONSTRAINT `timetable_ibfk_2` FOREIGN KEY (`subject_id`) REFERENCES `subjects` (`subject_id`) ON DELETE CASCADE,
  ADD CONSTRAINT `timetable_ibfk_3` FOREIGN KEY (`teacher_id`) REFERENCES `users` (`user_id`) ON DELETE CASCADE;

--
-- Constraints for table `users`
--
ALTER TABLE `users`
  ADD CONSTRAINT `users_ibfk_1` FOREIGN KEY (`role_id`) REFERENCES `roles` (`role_id`),
  ADD CONSTRAINT `users_ibfk_2` FOREIGN KEY (`branch_id`) REFERENCES `branch` (`branch_id`);

--
-- Constraints for table `visitors`
--
ALTER TABLE `visitors`
  ADD CONSTRAINT `visitors_ibfk_1` FOREIGN KEY (`visitor_user_id`) REFERENCES `users` (`user_id`);
COMMIT;

/*!40101 SET CHARACTER_SET_CLIENT=@OLD_CHARACTER_SET_CLIENT */;
/*!40101 SET CHARACTER_SET_RESULTS=@OLD_CHARACTER_SET_RESULTS */;
/*!40101 SET COLLATION_CONNECTION=@OLD_COLLATION_CONNECTION */;
